user_id,total_checkins,venue_count,loyalty_score,tip_count,avg_tip_length,avg_sentiment
51957,208,16,208.0,1,40.0,1.0
17238,202,13,33.666666666666664,7,135.85714285714286,0.48634920634920636
133970,197,39,65.66666666666667,1,34.0,0.0
45720,180,88,36.0,4,118.0,0.35078125000000004
91070,135,12,22.5,9,55.77777777777778,0.2949074074074074
38456,127,30,14.11111111111111,12,90.75,0.2314814814814815
51445,125,13,125.0,1,40.0,-0.625
8952,121,10,20.166666666666668,6,92.66666666666667,0.3425
34323,119,31,119.0,1,57.0,-0.25
27483,117,22,117.0,2,97.5,0.4083333333333333
21380,117,42,117.0,27,106.92592592592592,0.26458676268861453
39836,116,24,29.0,1,23.0,0.0
59796,103,25,34.333333333333336,10,42.0,0.375
18345,99,13,5.2105263157894735,3,53.333333333333336,0.2552579365079365
149253,98,19,19.6,1,71.0,0.36666666666666664
59283,92,31,92.0,3,58.0,0.4680059523809524
247092,83,40,41.5,2,32.0,0.65
21501,81,52,27.0,6,100.16666666666667,0.22245370370370368
78151,80,32,11.428571428571429,1,27.0,0.625
146757,80,18,11.428571428571429,2,45.0,0.09642857142857145
69093,80,18,40.0,18,55.166666666666664,0.22644991582491583
66227,80,20,80.0,17,54.588235294117645,0.3563025210084034
204573,75,24,75.0,7,46.42857142857143,0.6107142857142858
44226,75,37,75.0,3,53.333333333333336,0.5666666666666667
34710,75,19,12.5,3,77.33333333333333,0.7166666666666667
25321,74,44,14.8,1,200.0,0.12727272727272726
201683,74,21,18.5,1,56.0,-0.13333333333333333
59959,72,5,36.0,4,39.25,0.76
130314,72,10,12.0,3,48.0,0.2777777777777778
56139,72,9,3.0,1,55.0,0.1666666666666667
81824,69,17,34.5,1,50.0,0.7500000000000001
13999,68,19,4.857142857142857,53,85.90566037735849,0.16105037061994612
6998,67,26,13.4,11,84.36363636363636,0.10979797979797978
48637,66,28,6.0,1,139.0,0.5800000000000001
29211,66,23,8.25,3,69.0,0.6069444444444445
2033,66,6,9.428571428571429,3,46.666666666666664,0.8305555555555556
99922,65,17,65.0,2,198.5,0.8125
45533,65,16,21.666666666666668,1,75.0,0.35656565656565653
43127,64,36,8.0,30,73.76666666666667,0.04302303791887126
60486,64,37,3.5555555555555554,15,57.0,0.11757561728395062
108636,63,18,9.0,3,115.33333333333333,0.6281249999999999
68496,61,30,6.1,2,45.5,0.5
181660,61,26,30.5,3,54.666666666666664,0.2786904761904762
50503,61,21,2.772727272727273,1,30.0,0.0
32939,60,30,15.0,3,54.666666666666664,0.005555555555555573
2637,59,17,7.375,4,86.0,0.3375
59867,59,28,9.833333333333334,5,87.8,0.5396666666666666
235647,58,24,58.0,6,65.33333333333333,0.38038194444444445
68370,58,11,29.0,2,26.5,0.5
74134,58,7,3.8666666666666667,1,31.0,0.0
37676,58,17,29.0,1,194.0,0.08124999999999999
15598,58,6,11.6,2,45.5,0.125
54405,57,3,28.5,5,58.6,0.35600000000000004
41376,57,21,28.5,3,85.33333333333333,0.04583333333333334
57581,56,22,14.0,4,57.25,0.171875
134677,56,8,14.0,2,74.0,0.03409090909090909
49029,55,1,2.8947368421052633,4,59.75,0.66875
80552,55,9,55.0,4,109.75,0.040625000000000015
61583,55,17,18.333333333333332,2,96.5,0.12187500000000001
17034,55,6,11.0,3,121.66666666666667,0.4535353535353535
8388,55,22,27.5,20,53.1,0.16576388888888888
20423,55,15,55.0,2,131.5,0.47031746031746036
144261,55,7,6.111111111111111,4,26.0,0.24204545454545456
86519,54,24,18.0,17,134.47058823529412,0.09761260451150157
237785,54,24,6.0,13,88.6923076923077,0.3273855311355311
24672,53,32,10.6,8,44.25,0.2779017857142857
72909,51,31,25.5,4,47.25,0.375
20640,51,21,25.5,1,198.0,0.3619047619047619
24915,51,28,7.285714285714286,19,58.68421052631579,0.19657894736842105
19732,50,35,12.5,22,92.36363636363636,0.2271968193843194
31106,50,16,16.666666666666668,1,45.0,0.1009469696969697
60211,50,33,2.1739130434782608,19,70.21052631578948,0.40919590643274856
57014,49,16,24.5,3,82.33333333333333,0.26961805555555557
11571,49,22,16.333333333333332,1,131.0,0.4916666666666667
53523,48,27,16.0,3,35.666666666666664,0.3333333333333333
126257,48,21,48.0,1,28.0,0.625
75708,48,26,6.0,7,78.71428571428571,0.17190476190476192
14506,48,12,4.363636363636363,3,141.33333333333334,0.14866522366522367
180959,48,21,16.0,3,43.333333333333336,0.3333333333333333
34460,47,26,5.222222222222222,16,114.25,0.17959449404761907
112676,47,16,15.666666666666666,2,55.0,0.425
44739,47,18,23.5,1,44.0,0.44642857142857145
12215,46,12,6.571428571428571,6,74.16666666666667,0.30027777777777775
43577,46,16,15.333333333333334,1,46.0,0.21875000000000006
1002,45,22,22.5,1,61.0,0.8
105313,45,25,3.2142857142857144,3,101.33333333333333,0.0806712962962963
181644,45,11,3.2142857142857144,1,42.0,0.7500000000000001
184931,44,25,22.0,9,66.11111111111111,0.3277777777777778
101206,44,16,4.888888888888889,1,36.0,0.0
250753,44,21,7.333333333333333,5,63.6,0.17833333333333337
1513,44,23,11.0,2,74.5,0.375
241131,44,9,8.8,5,105.2,0.06000000000000001
30718,44,25,14.666666666666666,5,75.4,0.0475
48071,44,23,6.285714285714286,1,40.0,0.0
39619,43,20,43.0,2,62.0,0.21250000000000002
15247,43,19,1.72,5,86.2,0.27999999999999997
30961,43,17,8.6,4,75.5,0.399537037037037
230811,43,17,43.0,2,71.0,-0.4147727272727273
50730,42,24,3.0,19,52.63157894736842,0.37444862155388475
96231,42,21,42.0,1,87.0,0.04999999999999999
14141,42,15,42.0,3,69.66666666666667,0.25833333333333336
202050,42,20,2.625,2,82.0,-0.015476190476190449
63433,41,11,20.5,1,96.0,-0.4
25336,41,19,13.666666666666666,2,63.5,0.0
1834,41,14,3.4166666666666665,1,95.0,0.0
28946,41,21,41.0,3,72.33333333333333,0.2833333333333333
224544,41,20,41.0,2,39.5,0.875
105848,40,15,20.0,2,40.0,0.5
254301,40,11,4.0,1,63.0,0.0
14543,40,13,3.6363636363636362,1,161.0,0.3520833333333333
5159,40,20,2.3529411764705883,1,87.0,0.6000000000000001
250033,40,6,10.0,1,63.0,0.7750000000000001
41557,39,9,19.5,3,41.666666666666664,0.26666666666666666
556,39,24,3.5454545454545454,10,112.3,0.5106709956709956
82113,39,19,39.0,8,54.875,0.36604352678571433
97744,39,26,39.0,3,26.0,0.4962962962962963
87557,38,20,12.666666666666666,1,44.0,0.3
145611,38,14,3.8,2,28.5,0.5
128912,38,23,4.222222222222222,1,54.0,1.0
98568,37,11,37.0,2,62.0,-0.016666666666666677
69593,37,25,37.0,1,163.0,1.0
14860,37,20,7.4,1,56.0,0.375
106855,37,17,12.333333333333334,5,70.6,0.20166666666666666
113120,37,21,3.7,1,160.0,0.5333333333333333
57981,37,13,9.25,5,70.8,0.1388888888888889
47991,36,19,6.0,8,67.75,0.431875
135690,36,19,9.0,2,39.0,0.1953125
51914,36,15,1.8,3,49.666666666666664,0.5833333333333334
24506,36,23,36.0,10,72.0,0.09644444444444446
55358,36,12,4.0,5,37.2,0.1863888888888889
256434,36,6,2.4,2,63.0,0.24126984126984125
1193,36,19,6.0,1,129.0,0.325
11206,36,24,12.0,5,65.8,0.21857142857142858
132611,36,10,9.0,2,76.0,0.17312499999999997
4154,35,15,17.5,3,60.666666666666664,0.763888888888889
5067,35,9,4.375,4,48.0,0.2942708333333333
29921,35,20,11.666666666666666,1,57.0,0.38
37459,35,20,3.5,3,34.333333333333336,0.39999999999999997
11418,35,21,8.75,1,44.0,-0.5
46697,35,14,2.9166666666666665,3,89.33333333333333,0.6166666666666667
252332,35,11,3.888888888888889,4,70.5,0.4697222222222222
28102,35,11,5.833333333333333,1,35.0,0.0
3793,35,20,5.833333333333333,1,45.0,0.4375
141204,35,22,35.0,1,21.0,0.0
25627,35,9,5.0,3,43.333333333333336,0.5476190476190476
86038,35,20,35.0,2,51.0,0.5458333333333334
122031,34,22,3.4,12,73.0,0.07766203703703704
207123,34,11,3.7777777777777777,2,45.0,0.2
39371,34,19,34.0,5,63.2,0.10999999999999999
193073,34,25,5.666666666666667,1,60.0,0.0
119217,34,11,17.0,9,61.0,0.12685185185185188
249013,34,15,34.0,1,43.0,0.35
38272,34,12,3.7777777777777777,1,76.0,-0.17025641025641025
42283,34,14,1.7,5,104.8,0.46309523809523806
173878,34,21,17.0,4,69.25,0.628125
157966,33,16,8.25,1,25.0,1.0
68409,33,21,2.75,12,140.41666666666666,0.2638888888888889
47505,33,22,8.25,2,92.5,0.25
77823,33,15,16.5,4,46.0,0.0546875
209734,33,22,16.5,2,35.0,-0.6
2228,33,25,11.0,15,50.6,0.18297619047619046
18179,33,16,33.0,1,71.0,0.0
17023,33,14,16.5,2,66.5,0.0577020202020202
48224,33,18,11.0,2,78.5,0.40122767857142855
54949,33,10,2.5384615384615383,9,151.55555555555554,0.6242129629629629
82146,33,18,11.0,4,30.5,0.6276785714285714
224128,33,21,33.0,13,48.61538461538461,0.07692307692307693
42406,33,19,11.0,15,79.46666666666667,0.26722222222222225
156694,33,16,33.0,2,22.0,-0.3
49702,33,14,6.6,3,48.0,0.646875
107580,33,15,33.0,1,35.0,0.0
32738,32,14,10.666666666666666,5,109.4,0.4618055555555555
51939,32,15,16.0,7,57.142857142857146,0.32254464285714285
36138,32,8,5.333333333333333,1,117.0,0.2421875
141794,32,25,3.5555555555555554,26,66.26923076923077,0.125
46494,32,16,10.666666666666666,3,101.66666666666667,0.24694444444444444
29177,32,18,10.666666666666666,9,28.22222222222222,0.5166666666666667
204517,32,20,2.0,29,58.93103448275862,0.2682498631636563
62736,32,20,16.0,3,91.66666666666667,0.612037037037037
18151,32,20,16.0,3,131.33333333333334,0.1431337181337181
45063,32,12,16.0,2,47.5,0.3625
224175,32,9,32.0,1,23.0,0.4222222222222222
36242,32,4,10.666666666666666,4,71.0,-0.018750000000000017
11306,32,15,10.666666666666666,2,42.5,0.15
83935,31,8,15.5,3,59.0,0.07777777777777777
17734,31,16,6.2,6,72.0,0.3428571428571428
48197,31,11,31.0,7,39.57142857142857,0.4861111111111111
20714,31,10,15.5,6,65.33333333333333,0.14809523809523809
58900,31,17,15.5,1,62.0,-0.1027777777777778
12991,31,22,2.3846153846153846,3,94.0,0.6611111111111111
241871,31,16,1.1923076923076923,2,69.5,0.08333333333333333
170,31,19,6.2,5,43.4,0.4
46026,31,25,10.333333333333334,7,79.57142857142857,0.375
59179,30,19,30.0,1,128.0,0.023809523809523805
50713,30,9,30.0,1,50.0,0.0
1106,30,15,10.0,2,84.0,0.36750000000000005
104634,30,16,2.142857142857143,4,120.25,0.048611111111111105
31251,30,15,3.0,3,79.0,-0.018253968253968248
36865,30,19,10.0,18,71.61111111111111,0.21388723544973545
40536,30,14,30.0,1,82.0,0.2902777777777778
38058,30,15,10.0,3,30.666666666666668,0.3333333333333333
83311,30,11,30.0,2,86.0,0.0958333333333333
17435,30,16,30.0,40,126.15,0.1743964368964369
48133,30,15,5.0,12,55.083333333333336,0.3680555555555556
213188,30,21,30.0,3,57.333333333333336,-0.08703703703703704
169728,30,8,30.0,2,63.0,0.75
214716,30,16,15.0,1,94.0,0.0
181940,29,19,4.833333333333333,3,110.33333333333333,0.043333333333333314
31971,29,18,3.2222222222222223,4,98.5,0.11875000000000001
11466,29,20,7.25,20,86.65,0.11103136446886448
35730,29,11,9.666666666666666,1,44.0,0.3875
59122,29,18,5.8,1,39.0,-0.75
50631,29,4,14.5,3,81.66666666666667,0.7041666666666666
84851,29,20,5.8,1,69.0,0.0
81157,29,17,14.5,7,50.857142857142854,0.06101190476190476
129977,29,12,29.0,1,44.0,-0.4
14287,29,14,7.25,3,94.66666666666667,0.41184523809523804
41751,29,20,9.666666666666666,1,26.0,0.0
57056,29,14,1.3181818181818181,15,64.2,0.3329166666666667
18406,28,11,14.0,11,65.81818181818181,0.08730322707595435
208163,28,12,5.6,4,121.5,0.41846153846153844
16474,28,13,3.5,2,46.0,0.0
46901,28,19,14.0,1,133.0,0.05
30476,28,14,2.1538461538461537,5,87.0,0.5109895833333333
148897,28,14,2.8,1,52.0,0.3609375
117498,28,7,3.5,4,97.5,0.325
52984,28,5,14.0,3,81.66666666666667,0.09285714285714285
39802,28,10,14.0,2,48.5,0.5416666666666667
33450,28,20,14.0,1,99.0,0.65
48044,28,12,3.5,2,51.0,0.5
107530,28,17,7.0,5,69.6,0.21876190476190477
64130,28,21,3.111111111111111,24,89.29166666666667,0.27429728835978834
181505,28,8,14.0,2,53.5,0.13125
29320,28,14,2.0,2,87.0,0.03159722222222222
201445,28,3,2.8,1,139.0,0.0
107013,28,20,2.5454545454545454,7,83.57142857142857,0.17979591836734693
260743,28,2,14.0,2,30.0,0.0
163156,28,9,7.0,6,132.33333333333334,0.24986772486772488
147338,27,18,5.4,4,51.5,0.15625
151828,27,17,1.6875,3,109.66666666666667,-0.0005997474747474659
266532,27,8,6.75,1,50.0,0.0
53430,27,13,4.5,1,105.0,0.09999999999999998
15602,27,13,13.5,4,56.5,0.4760416666666667
48072,27,7,3.857142857142857,5,105.8,0.2533333333333333
25624,27,15,3.857142857142857,1,39.0,0.75
59931,27,8,2.4545454545454546,2,69.5,0.525
265643,27,14,6.75,1,54.0,0.3416666666666667
250094,27,19,9.0,2,52.0,0.13611111111111113
52025,27,7,27.0,1,50.0,0.25
27184,27,10,2.4545454545454546,20,66.15,0.2546875
11367,27,15,13.5,2,56.0,0.25
40407,27,17,2.25,2,100.0,0.42708333333333337
13356,27,11,3.857142857142857,2,74.5,0.46912878787878787
836,27,18,4.5,4,71.75,0.4
40642,27,19,5.4,38,101.28947368421052,0.2605552707526392
2442,27,16,27.0,7,116.28571428571429,0.2392857142857143
158275,26,17,3.7142857142857144,2,27.0,-0.125
77380,26,15,3.7142857142857144,6,52.333333333333336,0.30833333333333335
53109,26,17,26.0,11,111.27272727272727,0.20111555111555113
17874,26,15,26.0,4,57.75,0.13189935064935066
17516,26,16,1.0833333333333333,3,74.33333333333333,0.4124999999999999
13173,26,13,13.0,1,35.0,0.0
55222,26,19,1.7333333333333334,11,66.0909090909091,0.02954545454545454
43905,26,11,3.7142857142857144,27,94.74074074074075,0.19796810699588477
38074,26,13,2.1666666666666665,3,56.333333333333336,0.11666666666666665
61109,26,16,1.7333333333333334,1,14.0,0.0
219658,26,12,2.6,1,132.0,0.2
670,26,11,1.2380952380952381,4,30.5,0.21875
178972,26,13,1.3,2,97.5,-0.26666666666666666
178106,26,20,8.666666666666666,10,41.2,0.2769642857142857
88331,26,14,1.1818181818181819,1,34.0,1.0
178067,26,14,5.2,7,100.42857142857143,0.15297619047619046
62189,26,14,13.0,12,112.0,0.35694444444444445
45619,26,21,8.666666666666666,1,89.0,0.0
251235,26,15,26.0,1,52.0,-0.4625
1878,26,14,4.333333333333333,2,93.0,0.48400297619047616
43293,26,17,6.5,8,129.375,0.29401878720238095
171559,26,11,6.5,2,147.5,0.6000000000000001
16049,26,9,2.1666666666666665,8,55.25,-0.015625
8767,25,13,5.0,9,74.33333333333333,0.36833333333333335
14783,25,14,8.333333333333334,2,29.0,0.7840909090909091
50620,25,18,25.0,6,68.66666666666667,0.3672585227272727
15275,25,11,3.5714285714285716,2,83.0,0.29375
49783,25,12,12.5,3,43.333333333333336,0.0
2358,25,14,12.5,11,73.63636363636364,0.43636363636363634
83069,25,18,25.0,3,76.0,-0.10930555555555554
104627,25,18,8.333333333333334,1,35.0,0.0
28031,25,15,2.0833333333333335,7,57.42857142857143,0.19910714285714287
90814,25,11,2.0833333333333335,11,64.81818181818181,0.49093411796536796
55716,25,9,25.0,1,110.0,0.3333333333333333
86698,25,6,6.25,1,90.0,0.25
10675,25,12,25.0,3,121.66666666666667,0.20777777777777776
27882,25,10,1.1363636363636365,2,128.0,0.21749999999999997
24973,25,7,25.0,3,138.33333333333334,0.45659722222222215
36721,25,15,6.25,5,59.2,0.1733333333333333
4407,25,10,25.0,3,45.666666666666664,0.2333333333333333
229361,24,16,1.8461538461538463,1,52.0,-0.2916666666666667
38701,24,16,8.0,3,82.0,0.27472222222222226
262559,24,10,3.0,1,21.0,0.8
30849,24,16,12.0,4,55.25,0.16666666666666669
31163,24,10,2.1818181818181817,1,79.0,0.25
52563,24,13,3.4285714285714284,4,50.75,0.0625
34872,24,10,6.0,3,41.0,0.5916666666666667
9320,24,14,4.0,1,76.0,0.475
6360,24,16,8.0,6,108.83333333333333,0.29583333333333334
24794,24,18,24.0,3,100.33333333333333,0.4000000000000001
106704,24,6,12.0,3,50.0,0.09285714285714286
27075,24,15,12.0,1,87.0,0.6
39105,24,14,6.0,6,115.0,0.3444444444444445
52086,24,8,24.0,1,37.0,0.0
31322,24,14,12.0,1,57.0,0.7125
111375,24,7,1.8461538461538463,2,28.0,0.2
21389,24,10,8.0,5,78.8,0.1771626984126984
175516,23,14,5.75,1,10.0,0.3125
200408,23,13,11.5,1,40.0,-0.6
68798,23,16,2.090909090909091,3,125.66666666666667,0.26319444444444445
28202,23,11,7.666666666666667,3,109.33333333333333,0.19444444444444445
33862,23,9,7.666666666666667,4,73.5,0.6125
230376,23,11,1.9166666666666667,2,71.5,0.08254024621212121
132572,23,15,1.2105263157894737,1,77.0,0.5362500000000001
148605,23,13,11.5,1,57.0,0.284375
85787,23,14,23.0,1,46.0,0.3833333333333333
45534,23,11,7.666666666666667,1,109.0,-0.24999999999999997
198847,23,9,1.5333333333333334,1,49.0,0.27499999999999997
166135,23,11,11.5,3,50.333333333333336,0.0
25110,23,11,23.0,1,35.0,0.7500000000000001
222355,23,23,1.7692307692307692,3,122.33333333333333,0.28444444444444444
7224,23,14,1.6428571428571428,13,57.69230769230769,0.10512820512820513
32257,23,8,23.0,1,107.0,0.0
146485,23,8,4.6,1,23.0,0.0
79452,23,11,3.2857142857142856,7,47.57142857142857,0.35408163265306125
80104,23,13,4.6,11,100.45454545454545,0.3751406926406926
87167,23,13,1.9166666666666667,5,36.8,0.70625
222600,23,16,1.7692307692307692,1,56.0,0.0
80487,23,12,3.2857142857142856,1,95.0,0.425
25571,23,16,11.5,1,43.0,0.3333333333333333
236265,23,9,2.5555555555555554,1,32.0,0.17045454545454544
120838,23,11,11.5,7,72.71428571428571,0.4241496598639456
13799,23,13,1.6428571428571428,1,108.0,1.0
2949,23,9,4.6,1,53.0,0.2875
76657,23,10,1.9166666666666667,2,68.0,0.0875
45808,22,13,1.1,2,55.5,0.0625
6083,22,13,11.0,5,50.0,0.335
265904,22,3,4.4,2,82.5,0.76103515625
159682,22,12,7.333333333333333,16,87.9375,0.31004133128156564
47699,22,11,22.0,3,53.333333333333336,0.20916666666666664
5484,22,12,3.6666666666666665,2,76.0,-0.04015151515151512
265965,22,14,3.6666666666666665,1,55.0,0.0
10503,22,11,11.0,2,119.0,0.6312500000000001
139307,22,12,5.5,3,49.666666666666664,0.3333333333333333
43734,22,5,1.1578947368421053,5,73.0,0.32
104310,22,13,5.5,1,71.0,0.0
77887,22,9,2.0,5,59.0,0.28113636363636363
238676,22,10,11.0,2,87.5,0.5416666666666667
93634,22,9,5.5,2,64.5,0.4
59679,22,17,2.2,3,51.333333333333336,0.10208333333333332
16602,22,12,7.333333333333333,38,72.15789473684211,0.21640533625730995
213351,22,9,22.0,2,110.0,0.3408333333333333
22896,22,10,7.333333333333333,1,49.0,5.551115123125783e-17
138109,22,12,7.333333333333333,1,129.0,0.42000000000000004
26201,22,15,7.333333333333333,1,173.0,0.0
7366,22,10,22.0,2,44.5,-0.15000000000000002
118709,22,12,11.0,2,55.0,0.175
184856,22,10,3.6666666666666665,2,37.5,0.6000000000000001
53706,22,11,1.6923076923076923,1,29.0,0.25
2501,21,12,7.0,8,51.875,0.21041666666666667
250048,21,14,3.5,2,56.5,0.24687499999999998
24074,21,13,21.0,9,58.111111111111114,0.45499999999999996
15992,21,11,5.25,7,72.85714285714286,0.15
110949,21,11,2.3333333333333335,1,32.0,1.0
38448,21,11,10.5,3,60.333333333333336,0.06388888888888893
19387,21,2,1.9090909090909092,5,47.2,0.1879761904761905
97363,21,12,10.5,5,39.2,0.6675
54289,21,8,2.3333333333333335,11,105.63636363636364,0.2516481782106782
29415,21,14,10.5,2,147.5,0.19375
79988,21,11,10.5,2,50.5,0.525
38133,21,11,5.25,4,74.25,0.54375
31064,21,14,4.2,1,136.0,0.8
54718,21,9,1.6153846153846154,2,73.5,0.6416666666666667
186359,21,13,4.2,2,23.0,0.0
200187,21,10,21.0,3,61.333333333333336,0.11666666666666664
139525,21,14,3.0,1,67.0,0.875
249461,21,12,1.75,1,69.0,0.16666666666666666
136058,21,10,7.0,4,127.0,0.16249999999999998
198603,21,3,10.5,2,42.5,0.47500000000000003
25041,21,14,3.0,6,110.66666666666667,0.34767195767195763
228205,21,15,10.5,2,57.0,0.15
105100,21,13,1.5,6,122.83333333333333,0.0
24391,21,16,3.5,2,87.0,-0.02045454545454546
47859,20,12,10.0,9,109.0,0.009259259259259238
15416,20,10,3.3333333333333335,52,71.78846153846153,0.23473099816849816
49255,20,10,6.666666666666667,1,104.0,0.6714285714285715
100409,20,13,1.5384615384615385,1,74.0,-0.4
570,20,14,10.0,1,103.0,0.5
196173,20,8,4.0,5,71.0,0.5383333333333333
264057,20,13,1.5384615384615385,6,53.666666666666664,0.38888888888888884
58953,20,9,6.666666666666667,4,24.25,0.275
49807,20,9,10.0,1,22.0,0.0
4646,20,9,4.0,3,60.0,0.4041666666666666
49161,20,8,5.0,2,91.5,0.375
20537,20,11,20.0,21,106.47619047619048,0.2476980077745384
12542,20,12,1.25,9,56.111111111111114,0.3486700336700337
45010,20,14,2.0,1,93.0,0.7666666666666666
145413,20,5,4.0,2,50.0,-0.15000000000000002
142669,20,7,1.25,1,168.0,0.08333333333333333
73076,20,13,20.0,2,29.5,0.37500000000000006
42676,20,11,6.666666666666667,1,24.0,0.0
23524,20,16,1.5384615384615385,9,130.66666666666666,0.34680555555555553
24468,20,10,20.0,2,36.5,0.3125
253922,20,11,6.666666666666667,1,16.0,0.0
48655,20,14,2.0,1,185.0,0.49583333333333335
73961,20,6,4.0,1,53.0,0.0
14249,19,13,6.333333333333333,3,45.666666666666664,0.6
85609,19,7,1.7272727272727273,1,146.0,0.278125
84141,19,11,1.1875,1,36.0,0.0
6318,19,9,1.2666666666666666,12,91.0,0.2623842592592593
44932,19,11,19.0,1,48.0,-0.3125
62083,19,13,19.0,1,80.0,0.2833333333333333
9171,19,8,19.0,1,163.0,0.0
52312,19,11,19.0,7,78.28571428571429,0.42142857142857143
42025,19,11,2.111111111111111,1,53.0,0.4
255138,19,9,0.95,1,187.0,0.2466517857142857
92584,19,12,6.333333333333333,2,38.0,0.6
224242,19,4,1.1875,2,39.5,0.39
158446,19,15,3.8,1,63.0,0.16666666666666666
9803,19,16,1.4615384615384615,4,46.25,0.21250000000000002
23264,19,9,1.7272727272727273,2,160.5,0.5761363636363637
17374,19,5,9.5,2,117.5,-0.04166666666666667
22259,19,14,6.333333333333333,6,50.166666666666664,0.22455357142857144
233597,19,8,4.75,1,42.0,1.0
69614,19,3,6.333333333333333,2,91.5,0.34375
17723,19,10,3.8,1,122.0,-0.5
147677,19,9,19.0,2,47.0,-0.3
149874,19,9,2.7142857142857144,2,72.0,-0.125
4787,19,9,6.333333333333333,47,129.31914893617022,0.11626630707747729
44309,19,4,19.0,2,83.5,0.28125
82252,19,10,6.333333333333333,1,24.0,0.0
748,19,7,3.1666666666666665,1,39.0,0.0
87042,19,8,3.8,4,99.0,0.13
50343,19,8,19.0,1,120.0,0.7833333333333333
98756,19,11,19.0,2,88.5,0.1875
121676,19,12,6.333333333333333,1,63.0,0.7500000000000001
210809,19,14,3.1666666666666665,1,45.0,0.11666666666666665
22495,19,10,9.5,1,19.0,0.0
122760,19,12,9.5,1,191.0,0.5
9527,19,11,3.1666666666666665,2,26.5,0.75
48083,18,5,9.0,7,112.28571428571429,0.3876615646258503
36055,18,10,6.0,2,48.0,0.1449404761904762
3967,18,9,0.5142857142857142,1,44.0,1.0
34625,18,17,9.0,1,40.0,0.5
91102,18,9,1.8,1,18.0,0.0
17454,18,10,18.0,1,83.0,0.3125
204208,18,8,2.5714285714285716,1,56.0,0.0
12611,18,12,18.0,7,78.42857142857143,0.4700564316635746
14716,18,9,18.0,7,49.142857142857146,0.35000000000000003
144266,18,6,2.5714285714285716,1,187.0,0.10952380952380951
4546,18,12,18.0,2,55.0,0.3125
176753,18,12,6.0,1,147.0,0.25
23487,18,4,6.0,1,49.0,0.5
163008,18,5,9.0,2,60.0,1.0
59612,18,9,18.0,12,79.41666666666667,0.1849537037037037
21452,18,8,3.6,6,90.33333333333333,0.3392361111111111
32880,18,7,1.5,8,51.125,0.1171875
240799,18,11,18.0,5,95.4,0.4492592592592593
21881,18,10,3.6,7,88.42857142857143,0.31289469954648524
52589,18,14,1.2,1,40.0,0.0
24772,18,11,1.6363636363636365,22,86.81818181818181,0.24906385281385282
61683,18,8,6.0,1,60.0,0.4
13880,18,11,18.0,14,87.5,0.2497732426303855
144744,18,4,0.8571428571428571,2,52.0,0.3177083333333333
21282,18,12,6.0,1,99.0,5.551115123125783e-17
155760,18,12,1.8,2,51.0,0.38750000000000007
30526,18,12,18.0,1,80.0,0.5
49177,18,9,9.0,5,108.6,0.17250000000000004
96032,18,8,9.0,1,139.0,0.1130952380952381
65308,18,9,9.0,4,68.0,0.3875
38261,18,6,6.0,2,27.5,0.0
18568,18,5,18.0,4,46.5,0.3875
67881,18,15,3.6,2,81.5,0.25
77298,18,11,3.0,2,113.5,0.5111507936507936
2874,18,10,1.5,9,104.0,0.3666666666666667
58856,18,8,0.42857142857142855,1,22.0,0.0
1731,18,9,1.8,1,199.0,0.12261904761904763
81275,18,17,6.0,1,95.0,0.7
27538,18,9,2.25,1,44.0,0.6000000000000001
121273,18,7,6.0,9,52.666666666666664,0.5657986111111111
23408,18,9,0.34615384615384615,2,89.0,0.20416666666666666
30935,18,10,9.0,1,69.0,-0.5
22531,18,10,6.0,1,43.0,0.0
36758,18,10,4.5,10,137.0,0.14462878787878788
132803,18,3,18.0,2,135.0,-0.03295454545454546
48161,17,10,5.666666666666667,1,25.0,1.0
78645,17,10,1.7,1,20.0,1.0
32552,17,13,5.666666666666667,4,18.25,0.79375
22239,17,8,1.8888888888888888,1,52.0,1.0
193261,17,11,4.25,1,84.0,0.6103515625
143004,17,15,8.5,3,95.33333333333333,0.20833333333333334
63239,17,11,1.8888888888888888,2,65.0,0.1875
76791,17,17,2.125,1,115.0,-0.275
8146,17,5,1.2142857142857142,1,113.0,1.0
125639,17,8,2.4285714285714284,17,73.23529411764706,0.27591503267973855
11341,17,12,17.0,1,46.0,0.0
129680,17,11,2.4285714285714284,2,61.5,0.20833333333333334
54393,17,6,5.666666666666667,1,73.0,0.5
59369,17,10,5.666666666666667,2,50.5,0.08333333333333333
61245,17,11,1.7,5,56.4,0.3404761904761905
17566,17,13,1.7,3,57.0,0.462037037037037
58220,17,8,17.0,7,68.42857142857143,0.37440476190476196
50267,17,5,17.0,1,45.0,0.4833333333333334
19762,17,10,8.5,1,62.0,0.75
29031,17,9,1.8888888888888888,2,93.5,-0.07559523809523809
59284,17,11,2.4285714285714284,1,68.0,0.4
60893,17,7,2.4285714285714284,1,130.0,0.5
152794,17,9,4.25,1,52.0,0.0
65514,17,9,4.25,1,64.0,0.6000000000000001
93379,17,10,17.0,1,20.0,0.3
41558,17,7,1.7,1,40.0,-0.6
10469,16,7,4.0,9,94.77777777777777,0.38485185185185183
38005,16,3,2.0,3,25.666666666666668,0.04494949494949496
92420,16,12,16.0,2,110.5,0.425
62935,16,10,3.2,1,133.0,0.49000000000000005
58063,16,9,8.0,2,119.5,-0.20104166666666667
263418,16,6,5.333333333333333,1,58.0,0.0
109481,16,11,16.0,10,62.9,0.25848958333333333
70202,16,4,16.0,1,35.0,0.0
52992,16,12,16.0,3,63.666666666666664,0.3666666666666667
47260,16,8,3.2,2,32.5,-0.15625
6993,16,13,8.0,1,39.0,0.5
68295,16,5,4.0,1,31.0,0.0
57437,16,7,5.333333333333333,3,98.0,0.2138888888888889
43130,16,6,8.0,2,26.5,0.5437500000000001
4919,16,6,1.7777777777777777,5,122.6,0.31716666666666665
33085,16,13,1.7777777777777777,1,58.0,0.5
42937,16,9,1.7777777777777777,2,77.5,0.0
17171,16,13,8.0,1,100.0,0.3854166666666667
29575,16,6,4.0,1,97.0,0.4583333333333333
93642,16,5,1.0,6,63.0,0.25046296296296294
131041,16,6,16.0,6,33.666666666666664,0.7645833333333334
183355,16,8,4.0,2,136.0,-0.060416666666666674
47572,16,10,3.2,1,49.0,0.7500000000000001
183760,16,10,2.2857142857142856,4,65.5,0.26399572649572656
34119,16,10,3.2,6,78.33333333333333,0.2380952380952381
179607,16,10,16.0,1,131.0,0.25
2605,16,10,16.0,2,102.0,0.35178571428571426
62274,16,11,16.0,6,86.0,0.3361111111111111
32744,16,7,1.2307692307692308,2,108.0,0.525
71236,16,10,2.6666666666666665,6,64.0,0.19160353535353533
62722,16,5,2.2857142857142856,2,23.5,0.0
43410,16,7,2.2857142857142856,1,129.0,1.0
25587,16,8,16.0,2,41.5,0.125
173861,16,5,8.0,4,37.75,0.186328125
14842,16,12,1.0,1,29.0,-0.6
60062,16,5,1.7777777777777777,1,26.0,0.0
52118,16,1,2.2857142857142856,4,77.75,0.375
78325,16,9,1.6,1,86.0,0.5
195601,16,14,0.6956521739130435,10,90.5,0.2845327380952381
7648,16,6,16.0,1,74.0,0.15
6243,16,5,1.7777777777777777,13,81.46153846153847,0.385541958041958
53489,15,6,0.46875,3,72.33333333333333,0.4138888888888888
20377,15,12,1.3636363636363635,4,34.25,0.012500000000000018
11075,15,7,0.8333333333333334,21,85.0952380952381,0.47185592185592184
118746,15,6,15.0,9,59.111111111111114,0.17638888888888887
3517,15,10,15.0,1,30.0,0.0
8013,15,9,0.5357142857142857,1,24.0,0.0
36514,15,10,2.142857142857143,1,18.0,0.0
77428,15,8,15.0,3,61.333333333333336,-0.0369318181818182
102,15,9,2.5,33,86.39393939393939,0.08583810129264675
128545,15,8,1.0714285714285714,1,72.0,-0.4
68595,15,6,1.3636363636363635,1,181.0,0.19166666666666665
66463,15,9,1.875,7,139.57142857142858,0.42083333333333334
52005,15,10,3.75,5,117.4,0.2420995670995671
158442,15,7,0.3409090909090909,1,106.0,-0.5625
205245,15,6,0.7894736842105263,1,57.0,0.0
53545,15,10,15.0,2,57.0,0.46666666666666673
1317,15,9,15.0,19,108.6842105263158,0.2931218671679198
29193,15,7,1.875,3,46.0,0.08666666666666667
79142,15,10,15.0,11,49.0,0.028409090909090908
71476,15,5,7.5,2,68.0,0.05000000000000002
121056,15,9,7.5,1,83.0,0.7301587301587302
174167,15,9,0.9375,2,143.0,0.175
49464,15,7,1.875,2,32.0,-0.13999999999999999
31035,15,9,1.0,2,30.5,0.4375
66871,15,9,1.6666666666666667,4,44.5,0.19375
57576,14,9,1.75,12,61.333333333333336,0.22916666666666666
33330,14,6,7.0,6,48.333333333333336,0.11666666666666665
52962,14,6,14.0,3,39.0,0.5166666666666667
2209,14,7,7.0,1,124.0,0.4
53930,14,10,2.3333333333333335,4,47.75,0.65625
49391,14,8,2.3333333333333335,4,68.0,0.65
185251,14,4,2.8,1,30.0,1.0
38305,14,12,2.0,2,78.0,0.7708333333333333
17982,14,9,2.3333333333333335,8,58.5,0.26086309523809526
239013,14,9,14.0,2,119.5,0.35
38407,14,8,14.0,2,34.0,-0.25
24436,14,9,14.0,34,75.5,0.14260854341736695
43854,14,6,14.0,1,97.0,0.0
242789,14,10,4.666666666666667,1,43.0,0.7
199027,14,8,0.9333333333333333,14,34.357142857142854,0.1473214285714286
22000,14,9,7.0,2,40.5,0.125
39302,14,7,7.0,1,56.0,0.3
69788,14,4,2.3333333333333335,2,35.5,0.5
242978,14,6,2.0,2,66.5,0.73828125
27367,14,10,3.5,19,120.47368421052632,0.2906954887218045
9253,14,9,7.0,2,26.5,-0.375
1627,14,11,14.0,2,48.0,0.5
13947,14,12,14.0,2,114.5,0.027777777777777762
105154,14,8,3.5,1,27.0,0.0
82732,14,10,1.5555555555555556,1,29.0,0.9
24518,14,9,14.0,2,88.0,0.49374999999999997
29466,14,7,14.0,4,105.75,0.35
92202,14,7,2.8,2,157.5,0.3125
61060,14,10,2.8,2,56.0,0.4666666666666667
13450,14,6,0.9333333333333333,1,144.0,0.15833333333333335
137169,14,7,7.0,1,57.0,0.050000000000000044
46448,14,5,1.4,1,94.0,-0.19999999999999998
19066,14,6,7.0,14,91.57142857142857,0.10250000000000001
80318,14,9,2.0,1,75.0,0.4583333333333333
29312,14,3,1.4,2,61.5,-0.06944444444444443
130681,14,7,3.5,1,28.0,0.0
2772,14,11,7.0,3,43.666666666666664,0.10606060606060606
89570,14,8,0.6363636363636364,1,79.0,0.8
47596,14,5,1.5555555555555556,1,38.0,0.0
4766,14,10,14.0,4,98.75,0.33690476190476193
147509,14,7,14.0,7,86.28571428571429,0.08333333333333334
193079,14,10,3.5,2,99.5,0.11574074074074077
72667,14,8,2.0,6,56.166666666666664,0.15520833333333336
16498,14,5,14.0,6,68.5,0.3912037037037037
60601,14,7,4.666666666666667,4,87.5,0.3060825892857143
24296,14,7,2.8,12,47.75,0.11401515151515151
13383,14,7,1.75,1,90.0,0.55
147899,14,6,1.4,2,85.0,0.19999999999999998
1042,14,6,7.0,5,54.4,0.18666666666666668
53346,14,10,0.9333333333333333,1,64.0,0.3083333333333333
234704,14,10,1.2727272727272727,1,37.0,1.0
15828,14,9,3.5,1,13.0,1.0
9409,13,10,1.1818181818181819,1,22.0,0.5
9911,13,4,3.25,2,60.0,0.5
32447,13,7,6.5,1,60.0,0.0
53783,13,4,3.25,5,159.4,0.0033333333333333106
10565,13,11,4.333333333333333,4,56.5,0.46979166666666666
73449,13,7,13.0,1,126.0,-0.016666666666666663
222505,13,11,6.5,1,84.0,0.4
1338,13,9,2.1666666666666665,5,70.4,0.256
16535,13,7,3.25,2,80.5,0.125
17141,13,6,2.6,3,28.666666666666668,0.43333333333333335
11067,13,7,13.0,5,78.2,0.41166666666666674
11947,13,6,1.625,13,41.84615384615385,0.1860576923076923
44699,13,11,3.25,2,38.0,-0.2916666666666667
83904,13,7,0.6190476190476191,2,17.5,0.0
149548,13,8,13.0,2,80.5,0.4083333333333333
58774,13,8,1.1818181818181819,2,67.0,0.24431818181818182
182169,13,8,1.4444444444444444,1,44.0,0.0
167485,13,8,2.6,1,87.0,0.0
22601,13,9,6.5,5,45.6,0.495
50202,13,7,6.5,2,25.0,1.0
140150,13,10,6.5,1,63.0,0.1875
53203,13,6,2.1666666666666665,1,81.0,0.7
22683,13,7,0.7222222222222222,6,76.16666666666667,0.42124999999999996
1035,13,8,1.8571428571428572,3,29.666666666666668,0.5503472222222222
132546,13,10,0.5652173913043478,3,79.0,0.31317142781986534
104705,13,5,4.333333333333333,1,42.0,0.0
193339,13,7,2.1666666666666665,1,115.0,0.2875
66441,13,6,4.333333333333333,1,117.0,0.69296875
44792,13,7,0.9285714285714286,1,50.0,0.0
48143,13,8,4.333333333333333,1,17.0,0.0
46513,13,8,0.9285714285714286,3,43.333333333333336,0.48444444444444446
94014,13,6,1.8571428571428572,1,25.0,0.5
17730,13,11,1.8571428571428572,4,53.5,0.16875
943,13,10,2.1666666666666665,9,71.33333333333333,0.17023148148148146
1416,13,7,6.5,2,114.0,0.08333333333333334
73976,13,8,13.0,1,30.0,0.0
238517,13,7,4.333333333333333,1,56.0,-0.20833333333333331
10244,13,7,1.4444444444444444,1,122.0,-0.04999999999999999
172909,13,7,2.1666666666666665,1,159.0,0.08958333333333333
91774,13,7,2.6,6,75.16666666666667,0.5430555555555555
55238,13,9,0.65,3,47.333333333333336,0.4666666666666666
20018,13,7,4.333333333333333,1,73.0,0.335
98753,13,8,1.625,2,99.0,0.31666666666666665
17727,13,3,6.5,1,125.0,0.05000000000000001
188400,13,10,6.5,5,33.6,0.0
10909,13,6,0.9285714285714286,5,108.0,0.10049963924963926
29958,13,8,2.1666666666666665,1,40.0,0.5
88489,13,5,2.1666666666666665,1,31.0,0.5249999999999999
22335,13,7,13.0,3,34.0,0.5416666666666666
88785,13,6,1.0833333333333333,3,40.0,0.47222222222222215
87602,13,10,6.5,1,16.0,0.0
154106,13,7,13.0,7,55.0,0.14404761904761904
36073,12,10,2.0,7,76.14285714285714,0.3654761904761905
118710,12,6,0.48,14,124.0,0.19122732426303854
31898,12,6,6.0,2,79.0,-0.07708333333333334
12194,12,4,6.0,2,134.0,0.31333333333333335
93424,12,7,3.0,2,70.5,-0.05694444444444445
217167,12,6,0.75,2,129.0,0.6577380952380952
230805,12,5,1.2,1,44.0,-0.44999999999999996
47769,12,8,1.7142857142857142,12,52.0,0.1935185185185185
122123,12,8,3.0,4,122.25,0.39817708333333335
73138,12,6,0.7058823529411765,1,19.0,0.0
14455,12,5,12.0,1,24.0,0.6875
31903,12,8,12.0,1,122.0,0.10933441558441558
65309,12,9,1.3333333333333333,1,53.0,0.5
49812,12,9,0.8571428571428571,1,81.0,-0.6
7860,12,6,2.0,5,101.0,0.3136111111111111
159372,12,6,0.75,1,15.0,0.0
239426,12,6,1.2,1,95.0,1.0
2022,12,9,6.0,9,45.666666666666664,-0.30000000000000004
72800,12,4,2.4,1,111.0,-0.25
18213,12,5,12.0,7,88.42857142857143,0.1501984126984127
66148,12,8,0.8,5,137.6,0.5453333333333333
17726,12,5,12.0,1,72.0,0.5
47542,12,8,1.5,6,87.33333333333333,0.23055555555555554
154689,12,5,0.8571428571428571,34,65.55882352941177,0.3321895424836601
29301,12,6,2.0,16,92.625,0.428972481511544
9962,12,6,2.4,31,69.38709677419355,0.32376792114695335
96969,12,5,4.0,1,28.0,0.0
191295,12,6,12.0,2,37.5,0.8125
19941,12,7,12.0,1,57.0,0.9375000000000001
57310,12,7,2.0,5,101.2,0.03048611111111112
143431,12,6,4.0,31,45.903225806451616,0.14519969278033795
24230,12,6,12.0,11,112.0909090909091,0.2161484979666798
49297,12,8,2.0,12,58.833333333333336,0.13168981481481482
186067,12,9,1.5,6,66.16666666666667,0.39999999999999997
54389,12,8,3.0,2,56.5,0.5
29020,12,11,4.0,10,79.5,0.14466666666666667
66854,12,10,0.6666666666666666,3,98.66666666666667,0.2633068783068783
50456,12,12,4.0,1,89.0,0.3333333333333333
67735,12,8,12.0,1,199.0,0.1875
793,12,8,4.0,3,116.66666666666667,0.2708333333333333
24438,12,7,2.4,3,56.0,-0.02692307692307694
23248,12,9,6.0,3,96.33333333333333,0.22571428571428567
288,12,7,1.5,4,52.75,0.4291666666666667
7067,12,5,6.0,5,77.4,0.2465
25662,12,8,1.7142857142857142,2,92.0,0.4166666666666667
261843,12,9,6.0,8,80.625,0.22725694444444444
24274,12,7,0.9230769230769231,1,166.0,0.010000000000000031
222643,12,10,12.0,2,60.5,-0.5
26015,12,7,0.8571428571428571,2,62.0,-0.1
43198,12,2,4.0,2,87.0,0.9166666666666667
258663,12,3,1.7142857142857142,1,57.0,1.0
82582,12,11,6.0,1,66.0,0.0
67859,12,8,1.5,5,111.0,0.2643452380952381
56620,12,6,2.0,1,44.0,0.37500000000000006
44026,12,7,12.0,6,46.666666666666664,-0.0983101851851852
201672,12,7,1.7142857142857142,1,31.0,1.0
72170,12,8,4.0,6,94.0,0.29930555555555555
48639,12,7,0.4,2,86.5,0.3125
147510,12,5,3.0,1,28.0,0.0
222469,12,6,0.9230769230769231,10,66.4,0.17726587301587302
27783,12,8,12.0,4,89.0,0.18229166666666669
29745,12,9,2.0,5,56.8,-0.0054166666666666365
11372,12,10,12.0,9,73.33333333333333,0.41275132275132276
47211,12,8,0.6,6,65.16666666666667,0.16856060606060605
11315,12,7,6.0,12,134.66666666666666,0.40948611111111116
231094,12,7,6.0,13,50.23076923076923,0.16745014245014248
43136,12,4,3.0,1,47.0,-0.15
32791,12,8,1.7142857142857142,1,70.0,0.4
205591,12,8,2.0,3,55.333333333333336,-0.24444444444444446
116062,12,7,2.4,4,90.5,0.303125
173684,12,8,1.3333333333333333,1,133.0,0.03750000000000001
14838,12,5,2.0,1,33.0,0.0
5742,12,3,6.0,2,98.0,0.0
26289,12,6,1.2,1,30.0,0.0
34355,12,9,12.0,6,72.16666666666667,0.3737959956709957
62603,12,7,3.0,1,199.0,-0.16145833333333334
55428,12,7,0.3870967741935484,4,83.5,-0.020833333333333343
262073,12,6,1.3333333333333333,2,122.0,0.011428571428571427
226771,11,7,11.0,3,93.0,0.9166666666666666
27682,11,7,0.4230769230769231,7,55.857142857142854,0.4033163265306122
233025,11,11,1.375,2,54.0,0.325
4373,11,8,11.0,4,61.5,0.2972222222222222
25152,11,8,2.2,2,31.5,0.5
41778,11,7,2.75,1,50.0,0.0
198662,11,5,0.6470588235294118,1,27.0,0.0
21148,11,5,2.75,1,104.0,0.3
48208,11,7,0.5789473684210527,3,57.666666666666664,0.2333333333333333
210718,11,9,2.2,1,47.0,0.0
211794,11,6,1.1,5,61.2,0.32
71211,11,4,2.75,1,149.0,0.2
248690,11,5,11.0,2,98.5,0.3
4697,11,7,1.5714285714285714,4,138.5,0.12317708333333333
13283,11,8,2.75,1,38.0,0.0
4167,11,6,1.8333333333333333,1,64.0,-0.6
8959,11,8,11.0,4,42.25,0.07564603365384615
12310,11,7,2.75,4,103.0,0.3419940476190476
22982,11,8,2.2,7,43.857142857142854,0.43928571428571433
263042,11,5,1.8333333333333333,1,54.0,0.2
195588,11,4,11.0,1,120.0,-0.6666666666666666
39279,11,8,5.5,2,80.5,0.12954545454545457
198227,11,6,1.0,3,45.333333333333336,0.09501262626262626
89566,11,8,5.5,22,179.1818181818182,0.28456470822948093
183665,11,9,2.2,3,74.33333333333333,0.6528571428571429
71290,11,9,2.75,1,135.0,-0.18541666666666667
166053,11,9,1.1,1,162.0,0.5187499999999999
7128,11,3,2.2,1,103.0,0.5666666666666667
256415,11,11,1.1,1,99.0,-0.12222222222222223
79486,11,8,1.375,2,83.5,0.1453125
86647,11,6,2.75,1,55.0,1.0
38491,11,6,2.75,5,77.0,0.21000000000000002
215301,11,7,3.6666666666666665,3,56.666666666666664,0.2425925925925926
2621,11,11,11.0,5,86.4,0.2227857142857143
110734,11,6,5.5,9,45.888888888888886,0.20277777777777778
29832,11,5,2.75,5,106.6,0.27844426406926404
118847,11,6,1.1,4,77.5,-0.11249999999999999
93386,11,4,11.0,1,120.0,0.1
44581,11,5,3.6666666666666665,1,26.0,0.30000000000000004
49805,11,6,3.6666666666666665,30,63.266666666666666,0.235734126984127
216886,11,10,11.0,10,179.7,0.24646428571428572
78275,11,6,0.7333333333333333,31,105.87096774193549,0.3603395820129691
209553,11,7,1.1,11,49.63636363636363,0.09946338383838384
49522,11,10,0.5789473684210527,2,86.5,0.6125
9769,11,5,3.6666666666666665,6,90.0,0.17492784992784993
125191,11,9,1.8333333333333333,1,88.0,0.9
26759,11,9,2.75,2,30.5,0.0
35270,11,4,11.0,1,21.0,0.0
53370,11,8,3.6666666666666665,1,55.0,1.0
116122,11,5,2.75,12,120.5,0.21892308501683502
8663,11,8,11.0,8,65.0,0.34375
195669,11,5,2.75,4,159.5,0.3494305555555556
58686,11,6,11.0,3,84.33333333333333,0.09305555555555556
148377,11,8,0.55,2,83.5,0.20546875
28925,11,8,2.2,16,102.875,0.2732329644097222
37934,11,6,2.2,2,172.5,0.3364583333333333
256098,10,5,0.5882352941176471,3,53.0,-0.033333333333333326
32824,10,6,10.0,2,67.5,0.0
88973,10,6,3.3333333333333335,1,26.0,0.5428571428571429
52970,10,1,10.0,1,171.0,0.2916666666666667
64560,10,4,1.6666666666666667,1,56.0,0.825
124076,10,6,5.0,11,77.18181818181819,0.16944444444444445
54395,10,5,3.3333333333333335,1,28.0,1.0
257034,10,5,0.6666666666666666,17,75.41176470588235,0.10702614379084968
35458,10,6,0.7692307692307693,1,33.0,0.0
17476,10,5,0.9090909090909091,1,167.0,-0.16666666666666666
63432,10,5,5.0,11,75.0,0.25717630853994494
26442,10,7,1.6666666666666667,1,71.0,0.08750000000000002
86517,10,3,0.8333333333333334,4,71.75,0.10208333333333333
144263,10,6,0.8333333333333334,1,92.0,1.0
33583,10,7,5.0,2,73.0,0.6266666666666667
1586,10,8,1.25,1,12.0,0.7
28880,10,5,3.3333333333333335,9,98.66666666666667,0.28368055555555555
54428,10,6,0.9090909090909091,5,62.0,0.5957166666666667
6315,10,6,3.3333333333333335,4,67.5,0.06534374999999999
40771,10,5,0.3333333333333333,1,70.0,0.0
550,10,6,5.0,2,92.0,0.5
1771,10,7,1.6666666666666667,5,73.6,0.3490909090909091
2072,10,5,0.625,1,45.0,0.0
133140,10,9,2.5,3,62.333333333333336,0.3880952380952381
14945,10,5,5.0,1,35.0,0.4
68691,10,4,0.7142857142857143,1,71.0,0.0
203269,10,6,10.0,1,53.0,0.8
31304,10,8,3.3333333333333335,17,63.294117647058826,0.035404995331465926
115882,10,6,2.0,2,96.0,0.4375
29123,10,6,10.0,5,121.6,0.07333333333333333
47111,10,6,1.25,3,46.0,0.45
73518,10,9,2.5,4,54.75,0.34895833333333337
154010,10,9,1.4285714285714286,1,23.0,0.0
54488,10,4,0.5263157894736842,2,49.0,0.775
181455,10,7,10.0,1,65.0,-0.6
199925,10,6,0.5,3,54.666666666666664,0.6294777199074074
66858,10,8,1.6666666666666667,1,105.0,0.6666666666666666
21214,10,6,1.0,1,122.0,0.36
46450,10,9,0.4166666666666667,8,42.25,-0.02500000000000001
212835,10,6,10.0,2,37.0,0.25
34461,10,8,10.0,5,128.8,0.3616666666666667
28938,10,4,5.0,4,59.5,0.19583333333333333
31466,10,6,10.0,2,47.0,0.0
3125,10,5,10.0,8,67.0,0.13608743686868685
39766,10,6,2.0,1,117.0,0.3125
15683,10,6,2.0,1,63.0,0.5
148837,10,7,1.6666666666666667,1,113.0,0.9
84552,10,4,5.0,1,83.0,-0.41666666666666663
45379,10,6,0.5882352941176471,1,14.0,0.0
37005,10,6,2.5,1,120.0,0.4520833333333334
738,10,8,0.7142857142857143,2,56.5,-0.071875
23003,10,5,10.0,1,39.0,0.0
135005,10,9,0.5263157894736842,4,102.0,0.41277777777777774
8561,10,5,5.0,1,19.0,0.46875
164530,10,5,10.0,1,74.0,0.0
55150,10,6,2.0,5,61.4,0.21305555555555555
150934,10,6,10.0,1,75.0,-0.6999999999999998
10962,10,5,3.3333333333333335,1,67.0,0.6333333333333334
35288,10,6,5.0,6,63.5,0.23750000000000002
22141,10,9,0.47619047619047616,6,66.0,0.4777777777777778
171647,10,5,2.0,10,58.7,0.2769047619047619
87196,10,3,1.1111111111111112,4,29.5,0.55
168813,10,7,1.4285714285714286,1,58.0,-0.07777777777777777
222359,10,5,5.0,3,40.0,0.3333333333333333
49381,10,4,5.0,4,85.0,0.015625
233714,10,6,0.5,1,69.0,0.22749999999999998
70839,10,7,1.4285714285714286,1,19.0,-1.0
262811,10,7,10.0,1,74.0,0.2
146467,10,7,1.6666666666666667,1,28.0,-1.0
22658,10,7,0.9090909090909091,8,68.5,0.21523569023569022
51946,10,5,10.0,2,94.5,0.4
46145,10,4,10.0,4,100.25,0.4604166666666667
58020,10,5,0.7142857142857143,2,44.5,-0.25
22056,10,4,3.3333333333333335,37,108.8108108108108,0.3932394894894895
85579,10,5,0.5263157894736842,2,85.5,0.3125
30685,10,6,2.5,1,111.0,-0.1875
30477,10,6,10.0,10,98.7,-0.010896464646464649
48350,10,6,5.0,2,72.5,0.0
133,10,4,2.5,1,61.0,-0.6
43677,10,5,0.9090909090909091,2,133.0,0.3666666666666667
36058,10,5,10.0,1,70.0,-0.8
44806,10,6,1.1111111111111112,2,41.0,0.1
49766,10,6,2.5,1,57.0,1.0
60257,9,7,0.25,1,159.0,0.15
51341,9,6,1.5,2,68.5,0.23437500000000003
50423,9,4,2.25,1,100.0,0.53125
97634,9,6,4.5,3,62.0,0.03333333333333336
36881,9,3,0.5294117647058824,3,66.0,0.23106060606060605
16447,9,5,4.5,1,174.0,-0.1
29545,9,7,9.0,2,90.5,0.15
139930,9,7,1.2857142857142858,1,48.0,0.0
60700,9,6,9.0,3,110.33333333333333,0.41380952380952385
142268,9,4,4.5,7,90.85714285714286,0.40406746031746027
18840,9,6,0.5625,1,50.0,0.3
57473,9,5,1.8,2,33.0,0.0
14466,9,5,1.8,1,43.0,0.65
1158,9,5,9.0,2,60.5,-0.1
165056,9,4,4.5,9,65.11111111111111,0.18421717171717172
200185,9,4,1.5,2,56.0,0.5
78137,9,5,4.5,2,51.0,1.0
72,9,5,0.8181818181818182,151,101.96688741721854,0.12485219388778991
130127,9,7,3.0,1,98.0,0.4916666666666667
76627,9,5,1.2857142857142858,1,44.0,0.65
40253,9,5,9.0,1,66.0,0.25
211167,9,6,1.8,1,197.0,0.3125
54847,9,5,4.5,3,74.33333333333333,0.3515625
33989,9,6,0.24324324324324326,6,46.166666666666664,0.2154761904761905
46585,9,4,9.0,1,51.0,0.21666666666666667
25039,9,6,9.0,2,121.5,0.01428571428571429
30939,9,7,2.25,4,79.0,0.4387310606060606
39301,9,4,9.0,1,37.0,0.0
61546,9,6,2.25,2,38.5,0.48522727272727273
48682,9,6,4.5,16,77.4375,0.44458333333333333
30502,9,6,1.8,17,82.88235294117646,0.5180699855699856
54251,9,5,9.0,8,46.25,0.40625
1192,9,4,0.8181818181818182,2,127.0,0.17083333333333334
25438,9,8,0.5,15,64.0,0.329984126984127
125990,9,5,2.25,6,102.16666666666667,0.07331123737373738
23687,9,7,1.2857142857142858,1,52.0,0.2333333333333333
26970,9,5,1.5,2,158.0,0.37166666666666665
31943,9,4,3.0,4,68.75,0.29261363636363635
238527,9,5,1.8,1,75.0,0.0
61388,9,9,2.25,2,198.0,0.675
19335,9,6,0.8181818181818182,22,61.45454545454545,0.21934974747474748
53868,9,5,0.6428571428571429,1,52.0,0.7500000000000001
58758,9,6,9.0,3,70.33333333333333,0.6805555555555555
47178,9,5,0.75,11,84.0909090909091,0.4979166666666666
139608,9,2,1.5,1,82.0,0.46875
16769,9,7,9.0,4,83.75,0.16428571428571428
429,9,6,1.5,23,55.34782608695652,0.19134826526130874
25948,9,6,0.5625,5,66.6,-0.16566666666666663
850,9,7,0.8181818181818182,3,42.333333333333336,0.4666666666666666
1267,9,5,9.0,13,78.84615384615384,0.30705128205128207
36661,9,3,3.0,3,60.333333333333336,0.15
190925,9,8,0.42857142857142855,2,40.0,0.28125
103216,9,7,0.10227272727272728,8,109.875,0.27724867724867724
287,9,7,0.6923076923076923,9,73.44444444444444,-0.10447530864197528
23621,9,4,2.25,1,81.0,-0.05
183505,9,6,1.8,10,54.9,0.24861111111111112
64175,9,4,0.36,1,72.0,0.5
51468,9,5,9.0,5,104.0,0.44666666666666666
13850,9,4,9.0,3,59.333333333333336,0.3333333333333333
135804,9,9,9.0,8,52.75,0.5470833333333334
27237,9,7,4.5,1,28.0,0.0
73255,9,8,2.25,2,100.0,0.8614583333333333
4663,9,6,1.8,4,77.75,-0.02946428571428572
50913,9,5,1.0,2,64.0,0.425
107963,9,7,0.5625,5,124.8,0.16916666666666663
229664,9,6,1.125,1,67.0,1.0
217270,9,5,2.25,1,72.0,1.0
79642,9,8,2.25,2,32.0,-0.0625
29831,9,6,0.6428571428571429,36,56.083333333333336,0.17378088924963925
51148,9,8,9.0,2,57.0,0.0
59638,9,2,0.47368421052631576,1,33.0,-0.09999999999999998
202698,9,6,1.5,3,32.666666666666664,0.8666666666666667
26055,9,6,1.8,18,59.833333333333336,0.13587962962962966
214471,9,7,1.125,1,56.0,0.41818181818181815
89075,9,8,1.125,2,51.5,0.30000000000000004
120193,9,6,9.0,2,36.0,0.0
48276,9,6,2.25,1,150.0,0.5625
14578,9,7,2.25,2,87.5,0.6125
88716,9,6,0.4090909090909091,1,94.0,0.0
70618,8,7,1.0,1,76.0,-1.0
262521,8,6,0.8,2,42.0,0.375
153818,8,5,1.6,2,85.5,0.4824074074074074
216812,8,4,8.0,7,95.57142857142857,0.03755952380952383
89641,8,3,2.0,1,34.0,0.5
59740,8,3,0.7272727272727273,1,129.0,-0.5
53938,8,8,1.0,6,69.16666666666667,0.41078125000000004
105588,8,6,0.6666666666666666,1,45.0,0.44642857142857145
94175,8,4,2.6666666666666665,1,168.0,0.23148148148148148
50152,8,6,0.42105263157894735,18,52.666666666666664,0.1643805114638448
31945,8,3,4.0,4,76.75,0.65
88105,8,4,8.0,2,105.0,0.15000000000000008
15100,8,6,0.6666666666666666,3,66.66666666666667,0.19523809523809524
131875,8,3,0.34782608695652173,1,38.0,-0.25
23634,8,5,1.1428571428571428,2,29.0,0.8
80503,8,4,1.6,1,44.0,0.0
15088,8,6,0.5333333333333333,4,52.75,0.25
61424,8,6,1.0,3,112.0,0.22332112332112333
73646,8,5,0.8,1,66.0,0.0
104729,8,7,0.7272727272727273,1,109.0,0.4222222222222222
16654,8,3,1.1428571428571428,3,66.0,0.19999999999999998
28357,8,4,4.0,3,92.0,0.1880952380952381
69903,8,5,0.4444444444444444,1,81.0,0.8
4463,8,4,1.3333333333333333,8,66.375,0.1416426282051282
63524,8,5,1.3333333333333333,12,63.833333333333336,0.11316137566137567
13836,8,3,2.6666666666666665,1,90.0,0.6875
34575,8,5,0.2857142857142857,1,195.0,0.2392857142857143
224531,8,3,1.1428571428571428,1,76.0,0.6083333333333333
1342,8,5,4.0,43,38.906976744186046,0.05359103912882983
167730,8,5,0.5714285714285714,2,98.5,0.4525
189093,8,5,4.0,2,117.0,0.51015625
119448,8,6,4.0,6,60.0,0.20173611111111112
1319,8,3,1.3333333333333333,31,90.38709677419355,0.11525930386817483
207905,8,6,4.0,2,43.0,0.05
56697,8,2,2.0,1,138.0,0.4038095238095238
22719,8,4,2.6666666666666665,14,94.92857142857143,0.49439909297052154
167708,8,6,8.0,1,60.0,0.7000000000000001
31706,8,6,1.0,4,28.0,0.25
87428,8,7,0.8888888888888888,1,52.0,0.8
116148,8,5,2.0,3,57.333333333333336,0.2722222222222222
44889,8,4,0.8,1,30.0,0.0
17387,8,4,1.0,1,39.0,0.4375
26729,8,4,2.0,1,102.0,1.0
20401,8,5,1.0,2,52.5,0.5
125665,8,4,1.1428571428571428,11,87.63636363636364,0.30454545454545456
174905,8,5,0.8,1,75.0,0.8
33575,8,4,1.6,32,54.3125,0.0820591517857143
4655,8,6,0.5714285714285714,4,47.5,0.7319444444444445
22285,8,7,8.0,1,74.0,0.02500000000000001
6764,8,5,1.3333333333333333,2,41.0,0.03749999999999998
21941,8,3,1.6,3,44.0,0.041666666666666664
20092,8,3,0.6666666666666666,8,70.625,0.4541015625
53759,8,5,4.0,4,57.75,0.5670454545454545
33818,8,6,1.3333333333333333,1,56.0,1.0
3623,8,6,0.8888888888888888,1,29.0,0.7
86797,8,4,0.8888888888888888,5,189.2,0.3157373737373737
42437,8,4,2.6666666666666665,1,22.0,-0.25
64748,8,6,1.3333333333333333,4,55.25,0.5833333333333333
82569,8,5,1.1428571428571428,247,137.21457489878543,0.3267530667151113
137249,8,6,2.6666666666666665,1,43.0,0.35
66456,8,4,8.0,1,50.0,0.4375
143429,8,6,2.0,1,29.0,0.0
42667,8,4,1.6,1,52.0,0.6785714285714286
22799,8,4,1.0,3,93.66666666666667,0.4288888888888889
31083,8,6,2.0,2,110.0,0.6
222158,8,3,0.6666666666666666,1,74.0,0.0
78141,8,5,4.0,2,76.0,0.475
90175,8,2,0.38095238095238093,2,42.5,0.96875
175941,8,5,4.0,10,81.5,0.07683333333333332
4241,8,4,0.4444444444444444,2,86.5,0.25
138054,8,7,2.0,1,66.0,0.4
103726,8,3,4.0,2,85.5,0.17109375
2448,8,3,4.0,20,58.6,0.34777272727272723
112549,8,5,0.8888888888888888,3,82.33333333333333,0.45555555555555555
14765,8,2,0.3333333333333333,1,135.0,0.47714285714285715
36202,8,4,4.0,4,60.25,0.03291666666666668
34887,8,4,2.6666666666666665,2,58.0,0.15
27775,8,5,2.6666666666666665,2,75.0,0.3708333333333333
57992,8,5,1.6,2,62.0,0.675
44778,8,4,4.0,1,154.0,0.45
150051,8,4,1.0,9,144.66666666666666,0.4588075291845133
150863,8,4,1.3333333333333333,1,46.0,-0.15
88996,8,4,1.6,8,83.5,0.3834015376984127
152667,8,3,0.6153846153846154,1,91.0,0.25
15206,8,4,1.6,3,50.0,0.5916666666666667
35165,8,7,2.6666666666666665,1,44.0,0.35
257066,8,6,0.5333333333333333,1,59.0,0.3125
34832,8,5,0.5333333333333333,7,128.14285714285714,0.6
75858,8,4,1.6,3,155.66666666666666,0.35659722222222223
65695,8,5,0.5,3,70.66666666666667,-0.3361111111111111
23142,7,5,1.75,3,40.333333333333336,0.20654761904761906
3744,7,4,3.5,7,40.714285714285715,-0.01272893772893773
114319,7,4,0.7,20,102.25,0.20467013888888888
39178,7,3,1.0,4,89.5,0.07083333333333333
28196,7,4,0.875,7,140.0,0.23561379097093385
219170,7,4,2.3333333333333335,1,83.0,-0.15
13128,7,4,7.0,2,99.5,0.2488095238095238
45210,7,6,2.3333333333333335,2,44.0,0.26
259815,7,3,3.5,1,100.0,0.475
51375,7,5,3.5,2,51.5,0.75
255906,7,5,7.0,1,23.0,0.09999999999999998
52206,7,3,0.6363636363636364,2,64.5,0.0
38788,7,4,0.5384615384615384,1,53.0,0.13000000000000003
104832,7,4,0.5,5,116.8,0.43138888888888893
15,7,6,7.0,3,50.0,0.3055555555555555
64892,7,6,1.1666666666666667,2,78.5,0.225
13852,7,2,7.0,2,116.0,0.2833333333333333
54747,7,5,7.0,5,63.0,-0.03583333333333333
174938,7,5,1.4,1,127.0,0.8333333333333334
62390,7,5,0.5833333333333334,6,85.0,0.24756944444444448
27404,7,4,0.4117647058823529,33,105.03030303030303,0.22972490052035505
115495,7,4,1.1666666666666667,1,52.0,0.0
10525,7,4,3.5,3,65.66666666666667,0.40069444444444446
115700,7,4,3.5,1,36.0,0.0
45958,7,5,7.0,1,49.0,0.0
98013,7,5,0.7,2,55.5,0.5
35443,7,5,0.875,1,67.0,0.0
206777,7,5,0.5384615384615384,1,38.0,0.0
34654,7,4,1.1666666666666667,5,141.8,0.19952380952380952
97287,7,3,0.25925925925925924,2,65.0,0.09375
263441,7,5,2.3333333333333335,4,48.25,0.8396875
194220,7,6,0.7,2,30.0,-0.3
17620,7,3,0.6363636363636364,3,86.66666666666667,0.125
645,7,5,3.5,4,98.0,0.34635416666666663
105,7,6,7.0,1,55.0,0.2875
18626,7,7,1.4,1,24.0,0.8
221167,7,6,1.75,4,123.5,0.2907291666666667
59361,7,5,1.4,1,25.0,-0.2
133605,7,5,0.7,3,87.0,0.5524691358024691
139818,7,5,0.875,1,55.0,-0.15555555555555559
216811,7,4,3.5,2,49.5,0.0
59396,7,4,1.4,2,67.5,0.0
13384,7,4,0.875,3,56.333333333333336,-0.18333333333333335
153503,7,5,0.875,1,55.0,0.0
134523,7,5,1.1666666666666667,2,130.0,0.0848917748917749
151351,7,4,1.4,1,26.0,0.78125
67801,7,4,2.3333333333333335,3,128.66666666666666,0.1476190476190476
11683,7,5,1.1666666666666667,2,32.5,0.5
18863,7,5,1.75,1,26.0,0.0
12176,7,4,1.75,1,56.0,0.65
63761,7,2,2.3333333333333335,1,62.0,0.5
69549,7,2,7.0,1,44.0,0.7
49774,7,5,0.7777777777777778,1,45.0,0.10000000000000003
44483,7,4,1.4,1,68.0,-0.75
9595,7,4,1.4,1,66.0,0.02213541666666663
33560,7,2,0.7,75,61.8,0.08043495023495024
47683,7,4,3.5,19,74.94736842105263,0.24911117756512494
32208,7,5,1.1666666666666667,1,77.0,0.625
37565,7,5,2.3333333333333335,1,89.0,0.4
114894,7,7,7.0,1,63.0,0.0
202998,7,4,0.3684210526315789,8,68.25,0.275
2337,7,5,0.7777777777777778,3,91.66666666666667,-0.033333333333333326
26958,7,5,1.75,4,95.0,0.291235119047619
170055,7,5,1.4,2,30.0,1.0
103741,7,6,0.5833333333333334,4,51.75,0.4708333333333333
2538,7,1,1.0,1,74.0,0.09999999999999999
14464,7,7,7.0,16,110.375,0.2951467803030303
10798,7,7,3.5,1,63.0,0.0
64526,7,4,0.7777777777777778,2,78.0,0.5583333333333333
30955,7,4,3.5,7,154.71428571428572,0.16393424036281182
28761,7,4,3.5,3,32.666666666666664,0.3333333333333333
90580,7,4,3.5,2,28.0,0.125
37235,7,4,1.4,1,27.0,1.0
140970,7,4,0.7777777777777778,8,80.0,0.2872395833333333
93317,7,4,7.0,1,50.0,0.3416666666666666
258400,7,3,7.0,1,70.0,1.0
28733,7,6,3.5,1,194.0,-0.25
33844,7,5,1.1666666666666667,1,48.0,0.475
238993,7,5,3.5,1,72.0,0.0
55911,7,5,7.0,3,26.333333333333332,0.0
69475,7,6,3.5,2,33.0,0.25
22938,7,4,0.4375,2,107.0,0.18750000000000003
40199,7,5,0.5,1,71.0,0.0
85270,7,5,7.0,2,40.0,0.17500000000000002
37590,6,5,6.0,1,57.0,0.625
29638,6,3,0.8571428571428571,4,110.5,0.27569444444444446
39231,6,5,3.0,7,51.285714285714285,0.44642857142857145
194630,6,4,3.0,6,81.66666666666667,0.3053787878787879
88434,6,3,0.8571428571428571,1,103.0,0.5523809523809523
2064,6,4,6.0,1,63.0,0.8
123667,6,5,1.2,1,18.0,0.0
25299,6,4,0.6666666666666666,1,54.0,0.0
150025,6,3,0.2727272727272727,2,60.5,-0.65
28310,6,4,3.0,1,113.0,0.9
172476,6,4,1.5,3,41.666666666666664,0.26666666666666666
6665,6,3,2.0,2,59.0,0.35
29366,6,3,0.46153846153846156,1,65.0,1.0
40327,6,6,1.2,1,77.0,0.32857142857142857
17228,6,5,1.2,2,52.5,-0.016666666666666663
61567,6,5,0.6666666666666666,4,98.25,0.34328125
45830,6,4,2.0,3,47.333333333333336,-0.10277777777777779
35434,6,4,0.75,1,39.0,-0.75
70380,6,3,2.0,1,68.0,0.23333333333333336
9218,6,4,1.5,1,129.0,0.31999999999999995
143828,6,5,1.0,2,37.0,0.3125
29052,6,5,1.0,1,35.0,-0.15
35819,6,4,0.75,4,55.75,-0.09270833333333331
52230,6,2,0.75,1,51.0,1.0
18562,6,3,0.35294117647058826,1,195.0,0.35
142512,6,3,0.6666666666666666,1,87.0,0.0
81276,6,3,0.3333333333333333,1,31.0,0.25
96156,6,5,0.3157894736842105,1,131.0,0.2833333333333333
459,6,5,0.1935483870967742,2,59.0,0.4
216787,6,3,0.5454545454545454,1,54.0,-0.31666666666666665
243208,6,3,1.2,2,67.0,-0.09027777777777776
99,6,6,0.6,6,51.833333333333336,0.3384259259259259
26202,6,2,1.5,11,144.63636363636363,0.025964187327823695
73774,6,4,3.0,8,66.375,0.1377777777777778
107110,6,3,3.0,1,24.0,1.0
102110,6,5,0.6666666666666666,4,64.0,0.23083333333333333
6709,6,3,3.0,1,32.0,0.0
62792,6,3,3.0,1,62.0,1.0
237070,6,4,6.0,3,124.66666666666667,0.32916666666666666
2709,6,4,3.0,3,102.0,0.14469696969696969
217394,6,2,0.35294117647058826,1,86.0,1.0
97107,6,3,2.0,1,69.0,0.875
43367,6,2,0.24,1,24.0,0.5
44865,6,5,1.5,1,60.0,0.0
15495,6,3,0.21428571428571427,5,57.2,0.19477272727272726
249243,6,3,0.75,1,127.0,-0.10000000000000002
41408,6,5,1.2,3,78.66666666666667,0.46547619047619043
2131,6,3,1.5,1,44.0,0.1
72943,6,4,3.0,1,131.0,-0.35000000000000003
13259,6,3,1.2,6,62.0,0.41736111111111107
172212,6,3,0.18181818181818182,3,31.333333333333332,0.06666666666666667
69145,6,4,0.8571428571428571,1,33.0,0.0
65166,6,3,3.0,3,68.0,0.121875
166876,6,2,2.0,1,104.0,0.17857142857142858
215988,6,2,0.16216216216216217,3,82.0,0.8055555555555557
170632,6,4,2.0,1,64.0,0.675
26013,6,5,2.0,3,84.66666666666667,0.5833333333333334
15414,6,4,0.8571428571428571,6,50.0,-0.015624999999999981
6344,6,3,6.0,1,50.0,0.95
11693,6,2,1.0,1,55.0,0.9
261728,6,3,6.0,2,67.5,0.1964285714285714
196806,6,5,2.0,1,34.0,1.0
71985,6,3,0.8571428571428571,1,131.0,-0.34750000000000003
28446,6,3,3.0,1,72.0,-0.7
200142,6,2,0.6,1,90.0,0.3333333333333333
2856,6,3,0.375,1,51.0,0.19999999999999998
54459,6,4,3.0,10,72.9,0.42541666666666667
266712,6,4,0.5454545454545454,1,43.0,0.25
183433,6,4,0.6666666666666666,1,82.0,0.0
38185,6,2,6.0,2,31.5,0.5
190,6,5,1.0,3,29.333333333333332,0.2916666666666667
257,6,3,1.0,1,38.0,0.0
122003,6,4,1.2,4,91.5,0.1975
183130,6,5,0.35294117647058826,1,53.0,0.0
163242,6,4,0.75,16,49.6875,0.3449032738095238
133092,6,4,6.0,3,85.0,0.39444444444444443
25886,6,6,6.0,5,63.8,0.1811111111111111
63353,6,4,2.0,2,60.0,0.15
80608,6,3,0.46153846153846156,15,79.6,0.2790798310485811
8109,6,5,3.0,5,117.0,0.19361111111111112
208452,6,3,0.42857142857142855,2,69.0,-0.1125
61001,6,2,0.5454545454545454,2,100.0,0.6868371212121211
15712,6,4,1.2,1,38.0,-0.16666666666666666
67297,6,4,6.0,2,61.5,0.75
462,6,4,6.0,1,30.0,0.8
49610,6,5,0.8571428571428571,2,30.0,1.0
216629,6,3,2.0,6,46.333333333333336,0.2236111111111111
5291,6,4,1.2,1,116.0,0.7
34281,6,4,6.0,6,60.5,0.11687282986111112
73726,6,4,0.3,8,59.625,0.4844298735119048
71000,6,3,2.0,1,30.0,-0.6
40422,6,4,0.6,1,161.0,0.31833333333333336
132,6,1,0.5454545454545454,1,40.0,-0.375
50869,6,3,1.5,10,52.0,-0.21666666666666665
115260,6,6,3.0,1,111.0,0.17023809523809527
95618,6,5,1.2,1,52.0,0.0
134,6,3,0.5454545454545454,7,63.714285714285715,0.5125974025974026
92341,6,3,1.2,1,80.0,-0.2884615384615385
55825,6,2,3.0,1,32.0,0.0
92532,6,3,6.0,1,37.0,1.0
60285,6,3,6.0,1,37.0,0.0
190590,6,4,0.2857142857142857,3,112.66666666666667,0.022222222222222216
41955,6,6,1.5,5,42.6,0.25833333333333336
59977,6,4,1.5,1,44.0,0.75
53230,6,2,1.5,1,23.0,1.0
37026,6,4,6.0,1,33.0,0.0
50246,6,4,1.0,7,51.285714285714285,0.22214285714285714
88145,6,3,1.0,1,20.0,0.0
207922,6,3,3.0,7,133.71428571428572,0.2738284202569917
243139,6,3,2.0,2,83.5,0.03333333333333333
22365,6,3,2.0,1,43.0,1.0
18542,5,3,0.5555555555555556,10,110.7,0.424875
208636,5,4,0.5555555555555556,3,55.333333333333336,0.4885416666666667
8108,5,3,0.5555555555555556,1,18.0,0.0
1752,5,3,1.0,1,26.0,0.0
169695,5,3,1.6666666666666667,1,58.0,1.0
48997,5,3,1.6666666666666667,5,62.0,0.5163392857142857
46634,5,4,1.6666666666666667,1,61.0,0.0
27648,5,4,5.0,9,46.666666666666664,0.21854497354497354
50899,5,3,0.625,1,31.0,0.0
31594,5,5,0.25,1,71.0,0.0
75177,5,4,0.8333333333333334,1,90.0,0.27666666666666667
37181,5,4,1.25,1,134.0,0.1340909090909091
172131,5,5,0.5555555555555556,4,63.0,0.03333333333333332
192043,5,4,2.5,1,82.0,0.875
55316,5,5,0.5,1,47.0,0.8
21652,5,3,0.625,2,46.5,0.45
238303,5,3,0.5555555555555556,2,33.0,0.35
23200,5,4,1.6666666666666667,1,92.0,0.3666666666666667
135978,5,4,1.25,1,45.0,0.2
13600,5,4,0.625,1,49.0,0.11666666666666668
27935,5,2,1.25,1,29.0,0.35
31240,5,5,0.625,1,76.0,0.0
21038,5,3,0.3333333333333333,1,46.0,0.7380952380952381
248367,5,3,2.5,1,147.0,0.5099074074074075
193653,5,3,1.0,1,65.0,0.3125
6191,5,3,0.45454545454545453,2,54.5,0.3666666666666667
45606,5,3,0.23809523809523808,1,84.0,0.75
20344,5,5,0.16666666666666666,1,68.0,0.9375000000000001
29949,5,3,0.8333333333333334,11,89.18181818181819,0.19421487603305784
12223,5,5,1.25,1,107.0,0.34375
23793,5,5,1.6666666666666667,1,159.0,0.5125
35764,5,5,0.3125,2,29.5,0.5388888888888889
58385,5,3,5.0,1,16.0,0.0
264722,5,3,0.2777777777777778,1,115.0,0.6666666666666666
44210,5,5,1.25,1,46.0,0.75
1509,5,3,5.0,5,110.2,0.3375
44810,5,3,5.0,2,26.0,0.35
43084,5,4,2.5,5,70.6,0.445
1499,5,4,0.8333333333333334,7,43.0,0.2764069264069264
131037,5,4,2.5,1,76.0,0.2
6359,5,3,0.2,11,66.9090909090909,0.07190082644628099
1775,5,3,1.6666666666666667,2,78.5,0.0
59850,5,4,1.25,1,51.0,0.0
29099,5,2,5.0,1,49.0,0.3333333333333333
55312,5,4,1.0,3,110.33333333333333,0.3166666666666667
145340,5,3,5.0,2,92.5,0.23335459183673465
65853,5,3,1.25,1,71.0,0.7
1562,5,3,1.6666666666666667,2,68.5,0.125
21747,5,4,5.0,1,53.0,0.1
37082,5,3,0.7142857142857143,1,88.0,0.21818181818181817
86821,5,2,5.0,1,34.0,1.0
33264,5,1,0.7142857142857143,1,38.0,0.0
1581,5,3,1.6666666666666667,4,59.75,0.11666666666666664
264033,5,3,1.6666666666666667,1,15.0,0.0
237363,5,3,2.5,1,65.0,0.6
12736,5,4,1.25,1,46.0,1.0
54561,5,3,0.5,7,88.85714285714286,0.12012175324675324
23228,5,3,0.5555555555555556,1,63.0,0.29500000000000004
51971,5,4,1.6666666666666667,6,120.5,0.48321759259259256
15263,5,4,1.6666666666666667,1,44.0,0.0
21496,5,3,1.0,1,34.0,1.0
177501,5,3,2.5,1,78.0,0.0
80605,5,3,5.0,1,55.0,0.0
8330,5,3,5.0,3,57.333333333333336,0.19999999999999998
6035,5,3,1.6666666666666667,1,28.0,1.0
1664,5,3,0.625,3,79.0,0.25
44213,5,2,0.625,1,45.0,0.0
102859,5,1,2.5,1,144.0,-0.19999999999999998
19030,5,3,1.25,3,47.0,0.0
1010,5,4,0.16129032258064516,1,115.0,0.4583333333333333
133633,5,3,1.25,2,23.0,0.30000000000000004
6267,5,3,0.38461538461538464,3,52.333333333333336,0.0
227342,5,3,5.0,3,37.666666666666664,0.11666666666666665
47463,5,4,0.8333333333333334,2,33.5,0.125
8051,5,4,0.625,18,98.27777777777777,0.09371509406231628
92611,5,3,0.7142857142857143,1,43.0,0.0
221349,5,4,0.5555555555555556,1,15.0,0.0
26197,5,3,1.6666666666666667,5,66.8,0.2785714285714286
65107,5,3,1.0,24,70.08333333333333,0.16219486531986532
140534,5,5,1.25,2,54.5,0.2916666666666667
34592,5,4,1.25,4,65.75,0.1
13895,5,3,0.8333333333333334,2,129.0,0.03472222222222221
4403,5,3,0.625,3,27.0,0.03333333333333333
57948,5,3,2.5,3,52.333333333333336,-0.0625
147883,5,4,0.7142857142857143,1,198.0,0.13293650793650796
26539,5,4,1.6666666666666667,1,34.0,1.0
109231,5,1,1.25,1,48.0,0.4
47378,5,4,0.19230769230769232,1,78.0,0.0
7461,5,3,1.25,7,87.42857142857143,0.055102040816326546
1251,5,3,1.6666666666666667,1,53.0,0.6000000000000001
36670,5,3,2.5,1,35.0,0.5
36384,5,4,1.0,1,83.0,0.5
12394,5,3,0.5,3,77.33333333333333,0.18733333333333335
18545,5,4,0.29411764705882354,1,38.0,0.0
251553,5,3,5.0,2,55.0,0.45
1178,5,4,0.45454545454545453,5,62.0,0.1340909090909091
221886,5,3,0.3333333333333333,1,80.0,-0.5625
11908,5,3,0.625,1,119.0,0.3333333333333333
13904,5,3,2.5,2,81.0,0.375
11535,5,3,2.5,1,36.0,0.0
149710,5,3,0.3333333333333333,1,34.0,0.0
96795,5,3,0.5555555555555556,2,57.5,0.25249999999999995
219604,5,3,5.0,1,26.0,0.0
10530,5,3,1.0,1,38.0,-0.30000000000000004
192126,4,2,0.8,2,113.0,0.178125
248027,4,4,0.125,3,76.33333333333333,0.3269230769230769
94320,4,3,0.6666666666666666,1,30.0,1.0
158177,4,3,0.4444444444444444,2,36.0,0.1
136356,4,3,0.4,1,26.0,0.5
14703,4,2,0.4,1,58.0,0.4642857142857143
93190,4,4,2.0,2,157.0,0.2417800453514739
8328,4,4,0.36363636363636365,1,60.0,-0.25
47895,4,3,0.5,5,72.0,0.26
168483,4,3,0.5,2,65.0,0.35555555555555557
51537,4,3,4.0,1,12.0,0.0
226595,4,3,0.36363636363636365,4,49.0,0.284375
74287,4,3,0.3076923076923077,3,60.666666666666664,0.475462962962963
91991,4,2,0.4444444444444444,1,49.0,0.7
136994,4,4,0.3333333333333333,1,82.0,0.0
60535,4,3,1.0,1,90.0,1.0
5503,4,4,0.4444444444444444,22,71.13636363636364,0.07462367178276269
14934,4,2,1.3333333333333333,2,40.5,0.5
48217,4,2,1.3333333333333333,11,83.45454545454545,0.4229855371900827
70881,4,3,4.0,1,66.0,0.4666666666666666
53535,4,3,0.23529411764705882,1,143.0,0.2
76531,4,2,0.23529411764705882,5,53.6,0.2038095238095238
61185,4,2,1.3333333333333333,2,96.5,0.20750000000000002
174718,4,4,2.0,2,40.5,0.1375
68697,4,3,4.0,1,23.0,1.0
32916,4,3,0.23529411764705882,3,126.66666666666667,-0.0283509700176367
30820,4,4,2.0,8,141.25,0.49395833333333333
58563,4,4,0.21052631578947367,1,29.0,0.0
14175,4,2,0.2222222222222222,7,79.57142857142857,0.3169642857142857
104352,4,2,0.4,2,114.5,0.5473958333333333
20555,4,3,4.0,6,80.5,0.5776936026936027
75994,4,3,0.8,2,54.5,0.8
25807,4,2,0.36363636363636365,57,83.29824561403508,0.039109009898483586
32514,4,2,4.0,1,49.0,0.5
142939,4,1,4.0,3,47.666666666666664,0.06666666666666665
21820,4,3,0.4,1,54.0,-0.26666666666666666
201836,4,4,2.0,1,196.0,0.5583333333333333
18596,4,1,0.2222222222222222,1,66.0,0.0
50489,4,2,0.36363636363636365,24,156.16666666666666,0.3968944504569505
167073,4,2,2.0,1,60.0,0.5166666666666667
9566,4,2,0.5714285714285714,3,125.33333333333333,0.27870370370370373
18152,4,3,0.5,4,77.75,0.40520833333333334
27198,4,2,0.36363636363636365,1,25.0,0.0
67056,4,3,4.0,1,95.0,-0.15
3602,4,4,1.0,2,96.0,0.18500000000000003
27769,4,3,0.2,8,66.125,0.405625
59672,4,2,4.0,1,33.0,-1.0
31616,4,3,2.0,2,144.5,-0.07166666666666667
48965,4,4,0.8,1,32.0,0.0
60284,4,2,0.8,3,44.0,0.5
7377,4,3,0.5714285714285714,1,28.0,0.6000000000000001
32238,4,2,0.2857142857142857,2,95.0,-0.275
38455,4,3,0.2,1,89.0,0.5
756,4,3,1.3333333333333333,5,62.6,0.0032142857142857194
50641,4,2,0.16666666666666666,1,18.0,0.0
32967,4,4,2.0,1,85.0,0.35
71372,4,3,0.6666666666666666,1,197.0,0.09166666666666666
35752,4,2,4.0,1,55.0,0.05000000000000003
209173,4,4,0.6666666666666666,1,73.0,0.8
20994,4,2,1.0,1,98.0,1.0
19113,4,2,2.0,2,39.0,-0.09999999999999998
48651,4,2,4.0,4,75.25,0.11136363636363637
23045,4,3,0.5,2,114.5,0.5833333333333334
231211,4,2,2.0,8,81.625,0.2226934523809524
12382,4,2,0.3076923076923077,3,109.33333333333333,0.17053571428571432
110689,4,4,1.3333333333333333,4,54.5,0.40302579365079366
32341,4,2,0.5714285714285714,1,63.0,0.8
16915,4,2,4.0,1,93.0,0.5
8132,4,2,0.2,6,120.16666666666667,0.20594135802469138
241124,4,4,0.4,1,166.0,0.5833333333333334
29087,4,2,2.0,1,50.0,-0.5
91513,4,1,1.0,11,108.63636363636364,0.04568181818181818
105569,4,3,1.3333333333333333,14,76.14285714285714,0.24473710317460315
13530,4,2,0.2857142857142857,3,52.333333333333336,0.3333333333333333
1174,4,2,1.3333333333333333,1,122.0,-0.05
21442,4,3,0.8,14,195.64285714285714,0.3713638572312042
40332,4,2,0.6666666666666666,3,53.666666666666664,0.2555555555555556
136348,4,3,0.6666666666666666,1,45.0,1.0
128124,4,3,0.6666666666666666,1,117.0,0.19999999999999998
225642,4,3,1.0,1,27.0,0.7
136450,4,2,2.0,6,138.16666666666666,0.23900462962962965
17190,4,2,0.5,1,5.0,0.0
44555,4,2,1.3333333333333333,2,54.5,0.08958333333333335
38956,4,2,0.5,4,90.75,0.5916666666666667
42029,4,1,0.5,1,52.0,1.0
148828,4,4,1.3333333333333333,3,101.0,0.5034722222222222
23235,4,2,4.0,1,65.0,0.0
74111,4,2,2.0,1,85.0,-0.45
242412,4,2,2.0,1,49.0,1.0
1964,4,2,1.0,3,47.666666666666664,-0.075
65876,4,3,0.36363636363636365,1,144.0,-0.06666666666666667
138382,4,3,2.0,1,11.0,0.0
6908,4,2,0.3333333333333333,1,44.0,1.0
50134,4,3,0.4444444444444444,9,47.888888888888886,0.3551851851851852
8466,4,2,1.3333333333333333,35,70.4,0.18160588023088026
23442,4,2,4.0,7,48.42857142857143,0.20816326530612245
65046,4,2,2.0,1,81.0,1.0
192603,4,2,0.5714285714285714,1,70.0,0.0
101472,4,3,4.0,5,51.4,0.24325000000000002
15440,4,3,2.0,7,79.57142857142857,0.34302721088435373
32189,4,3,0.5714285714285714,2,58.0,0.13194444444444448
1363,4,2,1.3333333333333333,6,73.0,-0.031439393939393934
242207,4,4,0.3333333333333333,8,63.0,0.215625
235830,4,2,1.3333333333333333,1,86.0,0.4875
103693,4,2,0.3333333333333333,2,45.0,0.2833333333333333
42404,4,3,1.3333333333333333,2,76.5,0.09166666666666667
17533,4,3,4.0,1,56.0,0.0
56608,4,2,4.0,1,26.0,0.0
41694,4,2,1.3333333333333333,2,48.0,0.5166666666666666
247274,4,3,1.0,2,31.0,0.1
130957,4,2,1.0,1,40.0,0.0
24360,4,2,0.4,2,126.5,0.3916666666666667
14119,4,3,1.0,4,37.75,0.07500000000000002
122968,4,4,1.3333333333333333,2,99.5,0.5833333333333334
48669,4,2,0.5714285714285714,1,85.0,1.0
1768,4,2,0.4444444444444444,3,123.0,0.239484126984127
18799,4,3,0.8,7,46.0,0.2952380952380952
102967,4,3,4.0,2,51.5,0.275
14046,4,2,0.6666666666666666,5,99.4,0.22291269841269842
96724,4,2,1.0,1,16.0,0.0
55758,4,2,1.3333333333333333,2,50.5,0.5666666666666667
55098,4,2,4.0,2,75.0,0.6291666666666668
225770,4,2,0.8,2,40.0,-0.2
117135,4,2,0.5,1,41.0,0.5
205455,4,3,0.8,5,55.4,0.1964285714285714
6886,4,2,0.19047619047619047,4,30.25,0.259375
71312,4,3,2.0,1,64.0,0.6291666666666667
91568,4,2,1.3333333333333333,1,34.0,0.0
253430,4,3,1.3333333333333333,1,157.0,0.39583333333333337
98314,4,2,0.8,3,95.0,-0.7416666666666667
43477,4,2,1.3333333333333333,1,34.0,0.79
13298,4,2,1.3333333333333333,2,75.0,0.6749999999999999
2443,4,2,0.3333333333333333,2,47.5,0.46875
1537,4,2,1.3333333333333333,3,69.66666666666667,0.0
13463,4,3,0.6666666666666666,3,112.0,0.2722222222222222
18885,4,1,0.15384615384615385,9,94.22222222222223,0.5481313131313131
9264,4,2,0.8,1,23.0,0.0
225202,4,4,2.0,1,75.0,0.6000000000000001
17949,4,1,0.36363636363636365,1,21.0,0.0
255611,4,2,4.0,1,16.0,0.0
222298,4,2,0.5,3,83.33333333333333,0.48194444444444445
57736,4,4,0.36363636363636365,1,39.0,1.0
53708,4,2,4.0,1,130.0,-0.05
16255,4,4,4.0,16,59.4375,0.26093750000000004
211609,4,4,4.0,27,142.92592592592592,0.26521686775159
30245,4,2,4.0,1,41.0,0.375
150290,4,3,2.0,1,14.0,0.0
242524,4,3,0.23529411764705882,1,98.0,0.024999999999999994
15137,4,2,0.3076923076923077,6,51.833333333333336,0.37847222222222227
138360,4,2,0.25,1,27.0,0.78125
68155,4,2,1.3333333333333333,10,41.7,0.37
31742,4,3,4.0,1,13.0,0.0
15492,4,3,0.8,2,98.5,0.225
84875,4,1,2.0,1,32.0,0.0
237512,4,2,4.0,1,19.0,1.0
117457,4,2,1.3333333333333333,1,123.0,0.125
259721,4,2,0.5714285714285714,1,86.0,0.5916666666666667
15691,4,1,2.0,1,165.0,0.5375
66573,4,2,1.3333333333333333,1,44.0,0.6000000000000001
17239,4,3,0.6666666666666666,3,45.666666666666664,-0.16666666666666666
49206,4,4,0.3076923076923077,31,91.41935483870968,0.2854681099590374
2720,4,2,2.0,15,71.53333333333333,0.1703174603174603
54073,4,2,0.2222222222222222,7,88.42857142857143,0.3863095238095238
99843,4,2,0.25,2,167.5,0.26856060606060606
185460,3,3,0.6,1,40.0,0.0
40874,3,3,0.42857142857142855,1,96.0,0.14375
245,3,2,0.75,3,125.33333333333333,0.4689236111111111
55195,3,3,0.23076923076923078,3,32.0,0.5
125942,3,2,0.375,1,44.0,-0.04999999999999999
16170,3,2,0.12,4,89.5,0.29409722222222223
15627,3,3,1.0,2,18.5,0.25
1112,3,2,0.5,6,71.0,0.3666666666666667
15515,3,3,0.2,1,23.0,0.0
30792,3,2,0.5,2,169.0,0.585
4204,3,3,0.17647058823529413,1,32.0,1.0
108537,3,2,0.15,3,38.333333333333336,0.0
43970,3,3,1.0,1,44.0,-0.75
228040,3,3,0.17647058823529413,3,34.0,0.025000000000000005
237695,3,3,0.2,3,55.333333333333336,0.5203703703703703
81877,3,2,0.42857142857142855,1,48.0,1.0
1826,3,2,1.5,3,59.666666666666664,0.09999999999999999
1284,3,2,0.16666666666666666,7,76.42857142857143,0.15595238095238098
82800,3,2,3.0,1,88.0,0.5666666666666667
52256,3,2,3.0,7,96.0,0.2576530612244898
2374,3,1,0.2727272727272727,7,68.57142857142857,0.04185853828710971
38481,3,2,1.5,3,27.333333333333332,0.2675925925925926
19408,3,3,3.0,12,100.91666666666667,0.17991071428571428
28682,3,2,0.75,1,36.0,0.7083333333333333
36377,3,2,0.5,1,44.0,0.525
57426,3,2,0.2727272727272727,1,157.0,0.42857142857142855
138182,3,2,0.42857142857142855,2,70.0,-0.09999999999999999
61724,3,1,0.6,1,74.0,0.30000000000000004
5566,3,2,0.1875,1,44.0,-0.6
14964,3,3,0.14285714285714285,6,176.33333333333334,0.3266414141414141
23014,3,2,3.0,5,76.0,0.20546428571428574
93095,3,3,0.75,1,27.0,0.75
46123,3,2,0.42857142857142855,2,93.0,0.48125
41348,3,2,0.5,3,90.33333333333333,0.7222222222222223
3266,3,3,0.75,3,39.0,0.06851851851851853
232655,3,2,0.75,4,82.25,0.23333333333333334
154317,3,2,0.5,2,83.0,0.11160714285714286
72712,3,2,0.42857142857142855,3,118.33333333333333,0.31897095959595956
21605,3,2,0.6,1,70.0,1.0
15595,3,2,0.6,1,48.0,0.0
32021,3,3,1.5,1,25.0,0.0
5663,3,2,1.5,14,101.57142857142857,0.3030456349206349
135368,3,3,1.5,6,59.5,0.3822916666666667
155593,3,3,0.42857142857142855,1,14.0,0.0
45015,3,1,3.0,4,64.5,-0.23437499999999997
223170,3,3,0.25,2,68.5,0.4166666666666667
15397,3,2,0.5,4,98.75,0.23150252525252524
38431,3,3,0.5,14,66.42857142857143,0.40310966810966814
27559,3,1,0.5,2,69.5,0.30000000000000004
8756,3,2,1.5,4,97.0,0.36854166666666666
97426,3,3,0.2727272727272727,1,52.0,1.0
48550,3,3,0.5,1,79.0,0.3166666666666667
223740,3,2,3.0,1,47.0,0.5
17148,3,3,0.5,1,35.0,0.0
125576,3,3,0.2727272727272727,1,77.0,-0.3333333333333333
32756,3,2,3.0,1,41.0,0.0
29096,3,2,0.3333333333333333,2,91.0,0.5233333333333334
223230,3,3,3.0,1,99.0,1.0
28331,3,2,0.42857142857142855,1,82.0,0.25
134644,3,2,0.25,2,38.0,0.7
61735,3,1,0.75,1,69.0,1.0
104,3,1,0.13636363636363635,53,98.13207547169812,0.3287007736199111
7076,3,3,0.375,5,102.4,0.2437777777777778
20067,3,3,0.25,1,31.0,0.0
180883,3,3,0.75,1,84.0,0.15625
11251,3,2,3.0,7,77.0,0.30317460317460315
116631,3,2,1.0,2,58.5,0.8572916666666666
25,3,3,0.6,6,58.166666666666664,0.10833333333333334
37873,3,3,0.5,3,116.33333333333333,0.036979166666666674
257641,3,2,0.3333333333333333,2,36.5,0.2
73565,3,3,3.0,1,34.0,0.3333333333333333
50218,3,3,1.0,1,25.0,0.0
83565,3,2,0.375,1,44.0,0.7
36245,3,3,0.75,3,133.0,0.3716049382716049
34018,3,2,1.5,2,76.5,0.22499999999999998
12246,3,3,0.6,2,116.5,0.25297619047619047
13501,3,2,0.14285714285714285,1,56.0,-0.175
13693,3,2,1.0,7,54.285714285714285,-0.021428571428571415
18653,3,3,0.375,7,79.71428571428571,0.5011904761904762
49797,3,2,0.13043478260869565,1,101.0,0.3375
160877,3,3,1.0,2,72.5,0.28125
175163,3,2,0.2727272727272727,4,96.25,0.3099702380952381
19965,3,1,0.25,2,27.0,0.0
96945,3,3,3.0,1,122.0,0.71875
205941,3,3,0.42857142857142855,2,54.0,0.83125
62068,3,3,0.3,2,47.0,0.3125
239948,3,3,0.42857142857142855,1,61.0,0.2
26583,3,2,1.5,7,136.57142857142858,0.0193272864701436
48678,3,2,0.75,4,64.25,0.4
87874,3,2,0.5,7,107.57142857142857,0.3694633408919123
65841,3,3,1.0,1,43.0,-0.9375
6528,3,2,0.3,2,118.0,0.26249999999999996
32743,3,3,0.2,1,103.0,0.50625
58069,3,3,0.3,1,72.0,0.54
89311,3,3,1.0,1,100.0,-0.2333333333333333
119019,3,2,0.75,1,66.0,0.9
15974,3,2,3.0,2,91.5,0.2
250505,3,2,0.3333333333333333,1,91.0,-0.018518518518518535
10012,3,2,0.6,2,28.5,0.0
123329,3,3,1.0,1,126.0,0.8125
1163,3,2,3.0,7,36.857142857142854,0.30357142857142855
51975,3,2,0.07692307692307693,4,97.5,-0.015476190476190477
558,3,2,1.5,7,50.714285714285715,0.0992857142857143
60742,3,3,0.6,2,129.5,0.62
29229,3,3,1.5,1,127.0,0.5
129428,3,3,0.375,1,39.0,0.0
187984,3,2,0.3333333333333333,2,78.0,0.12916666666666668
215209,3,2,3.0,2,33.5,0.125
60556,3,3,1.0,1,80.0,-1.0
6088,3,3,3.0,2,43.0,-0.12023809523809526
19327,3,2,0.15789473684210525,3,38.0,0.20000000000000007
91387,3,3,0.3333333333333333,6,71.33333333333333,0.24594907407407407
5009,3,2,0.75,19,91.26315789473684,0.18970953023584602
37946,3,2,0.3,7,113.85714285714286,0.29409013605442175
52091,3,3,1.0,2,99.5,0.39012896825396826
43861,3,2,1.0,2,68.5,0.35833333333333334
5183,3,2,1.5,20,48.2,0.13024741462241463
62681,3,3,0.75,2,111.5,-0.05
20706,3,3,0.42857142857142855,8,59.75,0.250625
242835,3,3,0.5,4,64.75,0.12760416666666669
20186,3,2,0.42857142857142855,8,52.375,-0.0125
48751,3,2,0.25,4,72.0,0.02395833333333333
266576,3,3,1.5,1,44.0,0.0
250159,3,3,1.5,1,53.0,-0.11875
41731,3,2,1.0,1,40.0,0.0
23172,3,2,3.0,1,24.0,0.4
93393,3,3,0.25,1,16.0,-0.1875
218271,3,1,0.21428571428571427,1,134.0,0.43333333333333335
190646,3,3,1.5,3,36.333333333333336,0.4166666666666667
154559,3,3,0.6,1,35.0,0.0
6278,3,2,0.42857142857142855,3,68.0,0.5833333333333334
4279,3,2,0.3,1,31.0,1.0
260356,3,2,0.6,5,114.6,0.36324999999999996
953,3,2,0.75,50,56.52,0.43517285714285714
22461,3,3,0.13636363636363635,1,54.0,0.5785714285714286
35612,3,2,0.12,1,109.0,0.16666666666666666
22575,3,1,1.5,1,57.0,0.0
26924,2,1,0.5,1,97.0,0.6
5748,2,1,0.6666666666666666,7,103.85714285714286,0.210515873015873
21076,2,1,0.2857142857142857,1,149.0,1.0
25486,2,2,2.0,5,62.8,0.465
60046,2,2,0.13333333333333333,2,53.5,0.075
15584,2,1,2.0,1,69.0,0.5583333333333333
220130,2,2,0.3333333333333333,4,125.5,0.31875000000000003
40599,2,1,0.3333333333333333,1,107.0,1.0
235080,2,1,0.4,4,47.75,0.0375
19741,2,2,0.2857142857142857,1,53.0,0.012500000000000011
191095,2,1,0.3333333333333333,2,162.0,-0.015000000000000041
70016,2,1,0.3333333333333333,1,162.0,0.11666666666666665
24511,2,1,2.0,7,81.28571428571429,0.1869047619047619
206885,2,2,0.5,1,63.0,1.0
16180,2,2,0.6666666666666666,1,61.0,-0.075
2591,2,2,0.4,1,26.0,1.0
7083,2,1,0.14285714285714285,2,22.0,0.0
17574,2,1,0.2857142857142857,4,103.75,0.5874999999999999
86635,2,2,0.25,1,71.0,0.09999999999999998
37391,2,1,0.1111111111111111,1,48.0,0.0
23599,2,1,0.1111111111111111,1,89.0,0.5
28979,2,1,0.2857142857142857,1,31.0,0.5
15443,2,1,0.4,4,67.5,0.41770833333333335
173942,2,2,0.2222222222222222,1,24.0,0.0
50834,2,2,0.5,4,59.0,0.2625
6728,2,2,0.3333333333333333,5,31.2,0.02250000000000001
16035,2,2,0.25,4,100.75,0.11078125
9114,2,2,0.15384615384615385,1,109.0,0.19999999999999998
22595,2,2,0.5,6,54.0,0.1791666666666667
47994,2,2,0.2857142857142857,2,49.5,0.3125
29969,2,2,0.14285714285714285,1,147.0,0.125
33535,2,2,0.10526315789473684,1,106.0,0.1
215956,2,2,0.25,12,64.75,0.14836129148629149
30814,2,2,0.6666666666666666,2,40.0,-0.1875
77473,2,2,0.2222222222222222,1,11.0,0.0
39957,2,2,0.6666666666666666,4,166.0,0.29359375
206984,2,2,0.5,1,18.0,0.6000000000000001
29594,2,2,0.6666666666666666,6,98.33333333333333,0.18958333333333333
76890,2,1,0.5,4,134.25,-0.10214735243055553
8997,2,2,0.3333333333333333,6,109.33333333333333,0.3111111111111111
17105,2,2,0.5,1,82.0,0.17222222222222222
1404,2,2,0.11764705882352941,1,175.0,0.6
62086,2,2,0.6666666666666666,1,43.0,0.0
109529,2,2,0.2222222222222222,5,45.8,0.34805555555555556
186825,2,2,0.4,1,62.0,1.0
55728,2,2,2.0,4,84.0,0.3360119047619048
51048,2,2,2.0,1,80.0,0.06818181818181818
10614,2,2,0.4,1,28.0,1.0
87116,2,2,0.2222222222222222,1,52.0,0.7
256228,2,2,0.2857142857142857,1,53.0,0.0
312,2,2,1.0,17,77.6470588235294,0.2667494270435447
50585,2,2,1.0,1,38.0,1.0
57359,2,2,0.6666666666666666,1,178.0,0.515
25531,2,2,0.4,1,32.0,0.0
1233,2,1,0.6666666666666666,1,71.0,0.15555555555555553
57699,2,2,0.16666666666666666,1,28.0,0.6000000000000001
90026,2,2,0.125,2,138.0,0.21607142857142858
59606,2,2,2.0,2,55.0,0.4
18456,2,2,0.125,4,95.25,0.23869047619047618
17280,2,2,0.6666666666666666,2,68.0,-0.05
69216,2,2,0.11764705882352941,1,44.0,0.3666666666666667
249065,2,1,0.2857142857142857,1,70.0,0.0
4730,2,1,0.13333333333333333,1,51.0,0.0
31014,2,1,2.0,3,62.333333333333336,0.1886904761904762
27168,2,2,0.3333333333333333,1,26.0,0.6
206530,2,2,0.16666666666666666,2,83.5,0.4583333333333333
69153,2,1,0.6666666666666666,2,92.5,0.109375
162587,2,2,1.0,2,86.5,0.5520833333333334
56771,2,1,0.4,1,58.0,-0.1
55621,2,2,0.2222222222222222,1,65.0,1.0
56535,2,1,0.5,1,172.0,0.2857142857142857
26273,2,2,0.4,3,86.66666666666667,0.2232142857142857
8210,2,2,0.5,6,62.833333333333336,0.5435185185185185
6,2,1,1.0,1,52.0,0.4
66089,2,1,0.2222222222222222,1,40.0,0.2
232265,2,2,0.18181818181818182,2,64.0,0.20833333333333331
14077,2,1,1.0,1,196.0,0.375
42628,2,2,1.0,4,64.25,-0.15
219833,2,2,0.25,1,57.0,0.7500000000000001
84147,2,1,0.3333333333333333,3,44.666666666666664,0.18333333333333335
13650,2,1,0.4,2,35.0,-0.025
56881,2,2,2.0,6,81.16666666666667,0.35491071428571425
91045,2,2,0.6666666666666666,5,76.4,0.5283333333333333
542,2,2,0.2857142857142857,11,65.0909090909091,0.49712465564738295
79352,2,2,0.6666666666666666,1,38.0,0.0
16695,2,2,0.25,1,38.0,0.3666666666666667
7831,2,2,0.4,1,67.0,0.0
59619,2,2,1.0,15,55.666666666666664,0.4592857142857143
30546,2,2,0.5,7,83.28571428571429,0.25526334776334775
31216,2,2,2.0,3,111.66666666666667,0.10421626984126986
165910,2,2,0.18181818181818182,1,32.0,0.5
19863,2,1,0.4,5,53.0,0.5075000000000001
36704,2,1,0.4,1,155.0,-0.09999999999999998
12314,2,2,0.6666666666666666,1,29.0,1.0
25853,2,2,0.5,1,70.0,0.4666666666666667
20192,2,1,0.2857142857142857,1,87.0,-0.09666666666666668
53219,2,2,0.25,1,75.0,0.0
22102,2,2,0.4,1,77.0,0.5
1090,2,2,0.09523809523809523,8,63.625,0.1990625
20964,2,2,1.0,2,79.0,0.29375
52856,2,1,0.2222222222222222,1,51.0,0.35
69036,2,1,0.5,2,106.5,-0.19479166666666667
82263,2,1,0.4,1,33.0,0.0
31807,2,1,0.4,3,47.666666666666664,0.19999999999999998
170559,2,2,1.0,2,42.5,0.1
20949,2,2,0.14285714285714285,1,93.0,0.4390625
71553,2,2,0.4,2,29.0,0.7840909090909091
7599,2,1,0.16666666666666666,32,71.4375,0.4078689236111111
6426,2,2,0.6666666666666666,3,78.33333333333333,0.24
17885,2,1,0.14285714285714285,1,39.0,1.0
7487,2,1,0.1,9,116.33333333333333,0.4333796296296296
20616,2,1,0.15384615384615385,1,109.0,0.4166666666666667
264953,2,1,0.2,1,43.0,0.5
24317,2,1,2.0,3,109.33333333333333,0.7016666666666667
7378,2,1,0.6666666666666666,10,79.9,0.41088690476190476
227401,2,1,0.09523809523809523,1,48.0,0.0
63386,2,2,0.2857142857142857,27,72.55555555555556,0.57625
82720,2,1,0.25,4,127.25,0.5771763392857143
71581,2,1,0.18181818181818182,1,49.0,0.4166666666666667
190815,2,2,0.07692307692307693,1,38.0,0.0
36259,2,1,0.10526315789473684,1,25.0,1.0
37695,2,1,0.25,3,78.33333333333333,0.14074074074074075
89032,2,2,0.4,1,25.0,1.0
39109,2,1,0.25,1,28.0,0.0
22984,2,1,0.5,1,50.0,0.65
38363,2,2,0.3333333333333333,16,42.625,0.3527732683982684
39879,2,1,0.2222222222222222,1,174.0,0.04249999999999998
191,2,1,0.2,5,60.6,0.16
20037,2,1,2.0,1,69.0,-0.08333333333333333
55198,2,1,0.2,1,39.0,1.0
56533,2,1,0.08,4,30.5,0.4625
31257,2,1,0.5,5,73.0,0.17444444444444446
8285,2,1,0.6666666666666666,4,107.5,0.48642857142857143
250491,2,1,2.0,1,65.0,-0.45
45249,2,1,0.2222222222222222,5,84.6,-0.32
84970,2,2,0.15384615384615385,3,96.33333333333333,0.25853174603174606
202494,2,1,2.0,1,193.0,0.2333333333333333
5833,2,2,1.0,1,30.0,0.9
102271,2,2,2.0,1,35.0,0.6
57307,2,1,1.0,1,42.0,-0.10000000000000003
184850,2,1,0.2,1,168.0,0.2
154221,2,2,0.4,1,76.0,0.8
43388,2,1,1.0,7,116.71428571428571,0.30038265306122447
32855,2,1,0.5,5,67.4,0.499
92759,2,1,0.6666666666666666,1,45.0,0.0
71010,2,2,1.0,1,49.0,1.0
3812,2,1,0.25,1,39.0,0.0
6245,2,1,2.0,2,41.5,-0.08333333333333333
99687,2,1,0.3333333333333333,1,61.0,0.4
10533,2,1,2.0,1,32.0,0.0
57104,2,1,0.5,1,78.0,0.8437500000000001
263465,2,1,1.0,1,61.0,0.0
43850,2,2,1.0,10,81.7,0.518344246031746
46048,2,1,0.08,1,24.0,-0.6
54713,2,1,0.2,1,30.0,0.0
133957,2,1,0.18181818181818182,2,51.5,0.375
86693,2,1,0.2857142857142857,2,62.0,0.3875
6411,2,2,0.6666666666666666,10,78.6,0.27708333333333335
18696,2,1,0.3333333333333333,1,31.0,0.0
50664,2,2,0.5,1,86.0,0.17037037037037037
61405,2,1,0.5,1,51.0,0.44642857142857145
47663,2,1,0.14285714285714285,1,164.0,0.14125000000000001
170801,2,1,0.4,2,52.0,0.0
31686,2,1,0.25,1,51.0,-0.5
6822,2,1,0.4,3,56.0,0.5958333333333333
2839,2,1,1.0,5,99.0,0.4373809523809524
134304,2,2,2.0,6,69.33333333333333,0.0022222222222222456
179616,2,1,0.3333333333333333,1,165.0,0.66875
62520,2,1,0.6666666666666666,2,36.5,0.0
12392,2,1,0.4,1,43.0,0.75
207248,2,1,0.2222222222222222,1,72.0,0.0
63864,2,1,0.25,1,62.0,0.3666666666666667
49731,2,1,0.3333333333333333,1,40.0,0.9
27460,2,2,1.0,1,25.0,0.8
46035,2,1,0.5,1,32.0,0.25
7105,2,1,0.2,1,113.0,-0.10833333333333334
248686,2,1,2.0,7,67.42857142857143,0.12346938775510205
125322,2,1,0.15384615384615385,1,47.0,0.46875
13004,2,1,0.6666666666666666,1,52.0,0.30416666666666664
78099,2,1,0.2857142857142857,1,134.0,0.625
50223,2,1,0.09523809523809523,3,180.33333333333334,0.40158730158730166
25472,2,1,0.5,1,34.0,0.0
186394,2,1,0.1,1,72.0,0.5733333333333334
62536,2,1,2.0,5,86.2,0.2
213346,2,2,0.3333333333333333,1,55.0,0.2
40736,2,1,0.5,1,80.0,0.22500000000000003
59456,2,2,0.3333333333333333,3,93.66666666666667,0.4991666666666667
77584,2,2,0.25,1,21.0,0.0
215619,2,1,0.1,29,74.0,0.3194741441508683
227258,2,1,0.08333333333333333,1,47.0,0.11904761904761908
27588,2,1,2.0,6,116.33333333333333,0.18674242424242424
39968,2,1,0.3333333333333333,1,36.0,0.0
12726,2,1,2.0,2,79.0,0.775
135030,2,1,0.6666666666666666,1,48.0,0.3
69179,2,1,0.25,4,40.5,0.0
2211,2,1,2.0,2,79.5,0.5583333333333333
8988,2,2,0.6666666666666666,1,52.0,0.39999999999999997
93647,2,1,1.0,1,71.0,0.3125
39252,2,1,0.4,2,46.5,0.5791666666666666
2972,2,1,2.0,2,35.0,0.7
189342,2,2,1.0,1,109.0,0.0
752,2,1,1.0,7,80.71428571428571,0.3251700680272109
222603,2,2,0.18181818181818182,1,113.0,0.3333333333333333
4683,2,1,2.0,1,85.0,-0.15555555555555559
37210,2,1,0.3333333333333333,1,56.0,-0.625
26622,2,1,0.6666666666666666,1,26.0,0.8
35378,2,1,2.0,1,15.0,0.0
121095,2,1,0.16666666666666666,1,43.0,-0.16666666666666666
81288,2,2,0.6666666666666666,1,89.0,1.0
40661,2,2,0.5,8,73.0,0.06145833333333334
21800,2,1,0.5,1,47.0,0.25
248030,2,1,2.0,1,51.0,0.625
197936,2,2,0.2857142857142857,3,50.333333333333336,0.5236111111111111
1088,2,1,0.09090909090909091,3,28.666666666666668,0.0
13480,2,1,0.2222222222222222,1,46.0,0.2
31689,2,1,0.14285714285714285,1,87.0,0.46022727272727276
117997,2,1,0.3333333333333333,1,42.0,0.0
25379,2,1,0.5,1,115.0,0.0
42683,2,1,0.3333333333333333,3,60.666666666666664,0.20833333333333334
141970,2,2,0.3333333333333333,1,98.0,0.4
217242,1,1,0.047619047619047616,7,82.42857142857143,0.255952380952381
5021,1,1,0.5,7,54.857142857142854,0.051190476190476196
42152,1,1,0.1111111111111111,1,42.0,1.0
14965,1,1,0.14285714285714285,2,75.0,0.44166666666666665
2812,1,1,0.0625,3,54.333333333333336,0.08333333333333333
28598,1,1,0.5,1,58.0,0.6
19997,1,1,0.14285714285714285,8,78.5,0.3520833333333333
259692,1,1,1.0,1,113.0,1.0
123320,1,1,0.5,1,32.0,0.0
24009,1,1,0.5,1,38.0,0.0
133137,1,1,1.0,3,148.66666666666666,0.08333333333333333
20397,1,1,0.3333333333333333,2,60.0,0.4666666666666667
17939,1,1,0.3333333333333333,7,42.285714285714285,0.140625
87024,1,1,0.25,1,39.0,0.0
23134,1,1,0.25,2,32.0,0.6875
11911,1,1,0.1,2,67.5,0.8333333333333334
11023,1,1,0.16666666666666666,8,55.875,0.27964015151515154
34450,1,1,1.0,7,95.14285714285714,0.31071428571428567
207982,1,1,0.2,1,37.0,0.625
130096,1,1,0.5,3,82.66666666666667,-0.28482142857142856
27697,1,1,1.0,1,40.0,1.0
34476,1,1,0.25,1,64.0,-0.33333333333333337
261848,1,1,0.3333333333333333,6,55.166666666666664,0.28750000000000003
200399,1,1,0.08333333333333333,1,50.0,0.6166666666666667
12280,1,1,0.5,2,39.5,-0.19999999999999996
16499,1,1,0.5,1,77.0,0.0
59668,1,1,0.16666666666666666,1,186.0,0.2777777777777778
63917,1,1,0.25,2,98.0,0.3
52284,1,1,0.3333333333333333,1,80.0,0.1666666666666667
53264,1,1,0.3333333333333333,2,119.5,0.8125
55617,1,1,0.5,1,132.0,0.5311111111111111
109611,1,1,0.043478260869565216,3,40.333333333333336,0.3333333333333333
14366,1,1,0.2,1,89.0,0.16666666666666666
31242,1,1,0.16666666666666666,1,53.0,-0.625
7678,1,1,0.09090909090909091,1,57.0,-0.20833333333333334
30519,1,1,0.0625,2,192.5,0.4
44321,1,1,0.5,1,67.0,-0.6
139232,1,1,0.1,3,51.666666666666664,0.5499999999999999
209468,1,1,0.3333333333333333,1,146.0,0.6142857142857142
26616,1,1,0.3333333333333333,1,39.0,0.0
6236,1,1,0.5,1,68.0,0.0
2513,1,1,0.047619047619047616,1,40.0,0.125
259400,1,1,0.1111111111111111,1,59.0,0.0
82682,1,1,0.25,1,33.0,0.0
20817,1,1,0.3333333333333333,2,47.0,0.671484375
26117,1,1,0.05,1,28.0,0.6000000000000001
71605,1,1,0.25,2,92.0,0.6383333333333334
185945,1,1,0.3333333333333333,1,142.0,0.5397753577441078
95346,1,1,0.5,6,147.16666666666666,0.19027777777777777
57461,1,1,0.3333333333333333,1,28.0,1.0
41875,1,1,0.14285714285714285,2,40.0,-0.225
119733,1,1,1.0,3,67.66666666666667,0.47500000000000003
26066,1,1,0.3333333333333333,1,24.0,1.0
120898,1,1,1.0,1,54.0,0.0
6103,1,1,0.3333333333333333,1,41.0,0.0
334,1,1,0.06666666666666667,29,77.93103448275862,0.2912486938349007
70707,1,1,0.0625,1,47.0,1.0
32088,1,1,1.0,1,25.0,0.8
234113,1,1,0.16666666666666666,1,68.0,0.13636363636363635
40858,1,1,0.09090909090909091,4,42.5,0.0625
108738,1,1,0.2,1,19.0,0.5
187044,1,1,0.058823529411764705,1,53.0,0.09999999999999998
43771,1,1,1.0,3,115.0,0.2972222222222222
81823,1,1,0.14285714285714285,1,39.0,0.0
365,1,1,0.5,3,67.0,0.11388888888888887
79974,1,1,0.5,1,12.0,0.0
17934,1,1,0.5,1,34.0,0.5
34248,1,1,0.09090909090909091,1,54.0,0.1375
18993,1,1,0.125,1,34.0,0.6
30639,1,1,0.16666666666666666,1,108.0,0.2114583333333333
6591,1,1,1.0,1,27.0,0.5
168434,1,1,0.1,11,52.09090909090909,0.13787878787878788
44060,1,1,1.0,1,25.0,0.0
60741,1,1,0.041666666666666664,1,94.0,1.0
30998,1,1,0.5,4,157.0,-0.06860795454545454
153770,1,1,0.1111111111111111,8,40.5,0.46479166666666666
45573,1,1,0.25,5,184.8,0.3252402597402597
13130,1,1,0.3333333333333333,1,32.0,0.9375000000000001
143214,1,1,0.5,1,38.0,0.8
44305,1,1,0.3333333333333333,1,72.0,0.0
24853,1,1,0.041666666666666664,1,114.0,0.5083333333333333
23050,1,1,0.3333333333333333,2,163.0,-0.03749999999999999
25844,1,1,0.14285714285714285,2,29.5,0.30000000000000004
11135,1,1,0.2,1,61.0,0.11111111111111112
37037,1,1,0.1,4,83.25,0.14325396825396827
98821,1,1,0.2,6,89.33333333333333,0.3260416666666667
98609,1,1,0.1111111111111111,1,18.0,0.0
24873,1,1,0.16666666666666666,54,73.0,0.16102292768959436
24987,1,1,0.3333333333333333,3,52.666666666666664,-0.0944444444444444
93034,1,1,0.09090909090909091,3,28.333333333333332,0.09523809523809523
14203,1,1,0.25,6,74.33333333333333,0.23376068376068374
263104,1,1,0.1111111111111111,2,40.5,0.5
131,1,1,0.0625,1,31.0,0.0
2348,1,1,0.25,3,49.0,0.036458333333333336
69836,1,1,0.5,3,24.666666666666668,0.9166666666666666
158827,1,1,0.3333333333333333,3,59.666666666666664,0.3666666666666667
17521,1,1,0.1,1,69.0,0.45
4902,1,1,0.3333333333333333,6,76.0,0.15555555555555559
43440,1,1,0.16666666666666666,4,132.25,0.5104166666666666
101687,1,1,0.3333333333333333,3,62.666666666666664,0.29523809523809524
144561,1,1,0.3333333333333333,1,120.0,0.06000000000000001
23999,1,1,0.025,3,67.0,0.04360269360269359
25425,1,1,0.3333333333333333,1,66.0,0.7500000000000001
44236,1,1,0.25,10,129.6,0.15979166666666667
42484,1,1,1.0,1,38.0,1.0
99245,1,1,0.3333333333333333,1,85.0,0.5
22829,1,1,1.0,1,33.0,0.475
197939,1,1,0.2,1,28.0,1.0
52977,1,1,0.06666666666666667,1,85.0,0.28125
37895,1,1,1.0,6,58.166666666666664,0.26750992063492063
35110,1,1,0.3333333333333333,1,44.0,0.0
23853,1,1,0.08333333333333333,3,31.666666666666668,0.25
3021,1,1,0.16666666666666666,4,34.75,0.4
156796,1,1,0.07142857142857142,2,80.5,0.030952380952380953
205654,1,1,0.05263157894736842,1,67.0,0.4
87461,1,1,0.3333333333333333,4,48.75,0.0
1585,1,1,1.0,2,51.0,0.45499999999999996
26168,1,1,0.5,7,81.85714285714286,0.17931547619047622
89799,1,1,0.047619047619047616,1,61.0,0.0
261247,1,1,0.06666666666666667,1,27.0,0.0
44647,1,1,0.3333333333333333,3,49.0,0.15000000000000002
204577,1,1,0.09090909090909091,1,68.0,0.9375000000000001
39408,1,1,0.3333333333333333,2,38.5,-0.03888888888888889
70388,1,1,0.09090909090909091,5,80.2,0.03678217095404595
32640,1,1,0.09090909090909091,1,103.0,0.75
12916,1,1,0.1111111111111111,8,69.25,0.19618055555555555
33430,1,1,0.5,1,106.0,0.2916666666666667
26072,1,1,0.2,1,41.0,0.3
230969,1,1,0.2,4,118.75,0.38156249999999997
262494,1,1,0.5,1,17.0,0.734375
26920,1,1,0.09090909090909091,1,115.0,0.47916666666666663
39940,1,1,0.16666666666666666,1,37.0,0.8
47328,1,1,0.2,1,36.0,0.0
35600,1,1,0.16666666666666666,2,54.0,0.25
46030,1,1,0.5,3,61.333333333333336,0.4777777777777777
91838,1,1,0.3333333333333333,6,76.16666666666667,0.3141666666666667
191755,1,1,0.3333333333333333,3,43.333333333333336,-0.016666666666666646
40181,1,1,1.0,1,58.0,1.0
129,1,1,1.0,8,58.75,0.18936011904761904
11111,1,1,0.5,1,109.0,0.025000000000000005
2379,1,1,0.3333333333333333,3,81.66666666666667,-0.08333333333333333
23122,1,1,0.5,1,39.0,0.25
1296,1,1,0.5,8,110.0,0.47921296296296295
113740,1,1,1.0,2,54.0,0.7892857142857144
22562,1,1,0.3333333333333333,1,70.0,0.32857142857142857
53714,1,1,0.1111111111111111,1,50.0,5.551115123125783e-17
17394,1,1,1.0,2,56.5,0.85
62734,1,1,0.16666666666666666,5,50.4,0.16666666666666669
60682,1,1,1.0,2,47.0,0.32916666666666666
205420,1,1,0.16666666666666666,1,31.0,1.0
229622,1,1,0.1,1,150.0,-0.09999999999999998
46728,1,1,0.14285714285714285,1,21.0,0.0
153595,1,1,0.2,1,25.0,0.5
98972,1,1,1.0,3,74.33333333333333,0.2021825396825397
216242,1,1,0.16666666666666666,1,38.0,0.7
29605,1,1,0.2,1,174.0,0.15448979591836734
135425,1,1,1.0,4,82.75,0.2947619047619048
73127,1,1,0.3333333333333333,1,74.0,0.2833333333333333
22293,1,1,0.07692307692307693,1,144.0,0.06999999999999998
64589,1,1,0.3333333333333333,1,24.0,0.4375
48016,1,1,1.0,3,104.33333333333333,0.5625000000000001
7757,1,1,0.07142857142857142,6,90.16666666666667,0.24422348484848486
36551,1,1,0.3333333333333333,4,85.75,0.32961309523809523
384,1,1,0.07142857142857142,1,49.0,0.8
206797,1,1,0.125,2,27.0,0.15000000000000008
28908,1,1,0.3333333333333333,1,26.0,0.0
80718,1,1,0.25,2,66.0,0.6083333333333333
